{"branch_id":"e17d6d3e-feaa-4a1c-83a0-95595014ab86","name":"Untitled","created":"2022-07-28T06:42:52.235Z","settings":{"physics":{"gravity":[0,-9.8,0]},"render":{"lightmapFilterRange":10,"tonemapping":0,"ambientBakeOcclusionContrast":0,"skybox":null,"lightmapFilterSmoothness":0.2,"gamma_correction":1,"fog_start":1,"skyboxIntensity":1,"fog_color":[0,0,0],"lightmapMode":1,"ambientBakeSpherePart":0.4,"fog":"none","lightmapMaxResolution":2048,"skyboxMip":0,"lightmapSizeMultiplier":16,"fog_end":1000,"lightmapFilterEnabled":false,"ambientBake":false,"fog_density":0.01,"exposure":1,"global_ambient":[0.2,0.2,0.2],"ambientBakeNumSamples":1,"ambientBakeOcclusionBrightness":0,"skyboxRotation":[0,0,0],"clusteredLightingEnabled":true,"lightingCells":[10,3,10],"lightingMaxLightsPerCell":255,"lightingCookieAtlasResolution":2048,"lightingShadowAtlasResolution":2048,"lightingShadowType":0,"lightingCookiesEnabled":false,"lightingAreaLightsEnabled":false,"lightingShadowsEnabled":true}},"entities":{"80f1dd9a-0e40-11ed-aa6c-5a8c0ef4e2c9":{"position":[2,2,-2],"scale":[1,1,1],"name":"Light","parent":"80f1daf2-0e40-11ed-aa6c-5a8c0ef4e2c9","resource_id":"80f1dd9a-0e40-11ed-aa6c-5a8c0ef4e2c9","components":{"light":{"castShadows":true,"isStatic":false,"vsmBlurSize":11,"shadowUpdateMode":2,"normalOffsetBias":0.05,"color":[1,1,1],"bakeArea":0,"numCascades":1,"outerConeAngle":45,"bakeNumSamples":1,"affectDynamic":true,"intensity":1,"bakeDir":true,"cookieAngle":0,"affectLightmapped":false,"cookieChannel":"rgb","innerConeAngle":40,"shadowBias":0.2,"bake":false,"falloffMode":0,"cookieAsset":null,"vsmBias":0.01,"layers":[0],"cookieIntensity":1,"cascadeDistribution":0.5,"cookieOffset":[0,0],"shadowResolution":1024,"cookieScale":[1,1],"enabled":true,"shape":0,"range":8,"vsmBlurMode":1,"shadowDistance":16,"type":"directional","cookieFalloff":true,"shadowType":0}},"rotation":[45,135,0],"tags":[],"enabled":true,"children":[]},"80f1daf2-0e40-11ed-aa6c-5a8c0ef4e2c9":{"position":[0,0,0],"scale":[1,1,1],"name":"Root","parent":null,"resource_id":"80f1daf2-0e40-11ed-aa6c-5a8c0ef4e2c9","components":{},"rotation":[0,0,0],"tags":[],"enabled":true,"children":["80f1dc8c-0e40-11ed-aa6c-5a8c0ef4e2c9","80f1dd9a-0e40-11ed-aa6c-5a8c0ef4e2c9","a019517d-368f-4ce7-87bb-e99894bcc1e2","6a132463-4065-4029-8123-50daf0892779"]},"80f1dc8c-0e40-11ed-aa6c-5a8c0ef4e2c9":{"position":[4,3.5,4],"scale":[1,1,1],"name":"Camera","parent":"80f1daf2-0e40-11ed-aa6c-5a8c0ef4e2c9","resource_id":"80f1dc8c-0e40-11ed-aa6c-5a8c0ef4e2c9","components":{"camera":{"projection":0,"farClip":1000,"clearColorBuffer":true,"layers":[0,1,2,3,4],"priority":0,"fov":45,"clearDepthBuffer":true,"frustumCulling":true,"clearColor":[0.118,0.118,0.118,1],"enabled":true,"orthoHeight":4,"nearClip":0.1,"rect":[0,0,1,1]}},"rotation":[-30,45,0],"tags":[],"enabled":true,"children":[]},"a019517d-368f-4ce7-87bb-e99894bcc1e2":{"name":"2D Screen","tags":[],"enabled":true,"resource_id":"a019517d-368f-4ce7-87bb-e99894bcc1e2","parent":"80f1daf2-0e40-11ed-aa6c-5a8c0ef4e2c9","children":["553caf6c-a2e2-456e-bab1-af926693d0bd","7e408ddb-a1c0-4c54-ad0a-9b33af456156","c98c1544-8c4e-488d-ab9c-d889c34639ad","43776b5d-805c-405d-8a6a-693a0848e585","6e2e0ad6-b7b0-497c-a2d6-83174b42bb9d","cf778ab4-4cd6-4c44-a880-8eca997d8fcc"],"position":[0,0,0],"rotation":[0,0,0],"scale":[1,1,1],"components":{"screen":{"enabled":true,"screenSpace":true,"scaleMode":"blend","scaleBlend":0.5,"resolution":[1280,720],"referenceResolution":[1000,1600]}}},"553caf6c-a2e2-456e-bab1-af926693d0bd":{"name":"BakcgourndCover","tags":[],"enabled":true,"resource_id":"553caf6c-a2e2-456e-bab1-af926693d0bd","parent":"a019517d-368f-4ce7-87bb-e99894bcc1e2","children":[],"position":[0,0,0],"rotation":[0,0,0],"scale":[1,1,1],"components":{"element":{"enabled":true,"type":"image","anchor":[0.5,0.5,0.5,0.5],"pivot":[0.5,0.5],"text":"","key":null,"fontAsset":null,"fontSize":32,"minFontSize":8,"maxFontSize":32,"autoFitWidth":false,"autoFitHeight":false,"maxLines":null,"lineHeight":32,"wrapLines":true,"spacing":1,"color":[1,1,1],"opacity":1,"textureAsset":103437243,"spriteAsset":null,"spriteFrame":0,"pixelsPerUnit":null,"width":1000,"height":1600,"margin":[-500,-800,-500,-800],"alignment":[0.5,0.5],"outlineColor":[0,0,0,1],"outlineThickness":0,"shadowColor":[0,0,0,1],"shadowOffset":[0,0],"rect":[0,0,1,1],"materialAsset":null,"autoWidth":false,"autoHeight":false,"fitMode":"stretch","useInput":false,"batchGroupId":null,"mask":false,"layers":[4],"enableMarkup":false}}},"c98c1544-8c4e-488d-ab9c-d889c34639ad":{"name":"Top","tags":[],"enabled":true,"resource_id":"c98c1544-8c4e-488d-ab9c-d889c34639ad","parent":"a019517d-368f-4ce7-87bb-e99894bcc1e2","children":["39d376ac-458e-43c3-8d1e-efab6ddb7a46","5d189437-9722-4cdb-92e0-34304dbe04de"],"position":[0,0,0],"rotation":[0,0,0],"scale":[1,1,1],"components":{"element":{"enabled":true,"type":"group","anchor":[0.5,1,0.5,1],"pivot":[0.5,1],"text":"","key":null,"fontAsset":null,"fontSize":32,"minFontSize":8,"maxFontSize":32,"autoFitWidth":false,"autoFitHeight":false,"maxLines":null,"lineHeight":32,"wrapLines":true,"spacing":1,"color":[1,1,1],"opacity":1,"textureAsset":null,"spriteAsset":null,"spriteFrame":0,"pixelsPerUnit":null,"width":1000,"height":250,"margin":[-500,-250,-500,0],"alignment":[0.5,0.5],"outlineColor":[0,0,0,1],"outlineThickness":0,"shadowColor":[0,0,0,1],"shadowOffset":[0,0],"rect":[0,0,1,1],"materialAsset":null,"autoWidth":false,"autoHeight":false,"fitMode":"stretch","useInput":false,"batchGroupId":null,"mask":false,"layers":[4],"enableMarkup":false},"script":{"enabled":true,"order":["userBalance"],"scripts":{"userBalance":{"enabled":true,"attributes":{"userBalanceText":"5d189437-9722-4cdb-92e0-34304dbe04de","userName":"39d376ac-458e-43c3-8d1e-efab6ddb7a46"}}}}}},"39d376ac-458e-43c3-8d1e-efab6ddb7a46":{"name":"UserName","tags":[],"enabled":true,"resource_id":"39d376ac-458e-43c3-8d1e-efab6ddb7a46","parent":"c98c1544-8c4e-488d-ab9c-d889c34639ad","children":[],"position":[-602,-506,0],"rotation":[0,0,0],"scale":[1,1,1],"components":{"element":{"enabled":true,"type":"text","anchor":[1,1,1,1],"pivot":[1,1],"text":"UserName","key":null,"fontAsset":95484367,"fontSize":30,"minFontSize":8,"maxFontSize":32,"autoFitWidth":false,"autoFitHeight":false,"maxLines":null,"lineHeight":30,"wrapLines":true,"spacing":1,"color":[1,0,0],"opacity":1,"textureAsset":null,"spriteAsset":null,"spriteFrame":0,"pixelsPerUnit":null,"width":315,"height":67.44,"margin":[-759.5,-539.72,602,506],"alignment":[0.5,0.5],"outlineColor":[0,0,0,1],"outlineThickness":0.4,"shadowColor":[0,0,0,1],"shadowOffset":[0,0],"rect":[0,0,1,1],"materialAsset":null,"autoWidth":true,"autoHeight":true,"fitMode":"stretch","useInput":false,"batchGroupId":null,"mask":false,"layers":[4],"enableMarkup":false}}},"5d189437-9722-4cdb-92e0-34304dbe04de":{"name":"Balance","tags":[],"enabled":true,"resource_id":"5d189437-9722-4cdb-92e0-34304dbe04de","parent":"c98c1544-8c4e-488d-ab9c-d889c34639ad","children":[],"position":[-145,-506,0],"rotation":[0,0,0],"scale":[1,1,1],"components":{"element":{"enabled":true,"type":"text","anchor":[1,1,1,1],"pivot":[1,1],"text":"100","key":null,"fontAsset":95484367,"fontSize":30,"minFontSize":8,"maxFontSize":32,"autoFitWidth":false,"autoFitHeight":false,"maxLines":null,"lineHeight":30,"wrapLines":true,"spacing":1,"color":[1,0,0],"opacity":1,"textureAsset":null,"spriteAsset":null,"spriteFrame":0,"pixelsPerUnit":null,"width":93.1,"height":56.2,"margin":[-200.86,-539.72,145,506],"alignment":[1,0.5],"outlineColor":[0,0,0,1],"outlineThickness":0.4,"shadowColor":[0,0,0,1],"shadowOffset":[0,0],"rect":[0,0,1,1],"materialAsset":null,"autoWidth":true,"autoHeight":true,"fitMode":"stretch","useInput":false,"batchGroupId":null,"mask":false,"layers":[4],"enableMarkup":false}}},"43776b5d-805c-405d-8a6a-693a0848e585":{"name":"Middle","tags":[],"enabled":true,"resource_id":"43776b5d-805c-405d-8a6a-693a0848e585","parent":"a019517d-368f-4ce7-87bb-e99894bcc1e2","children":["be5aec47-9d89-485d-a7e0-9ee89616a4db","d028b395-508e-41f6-81a6-677a555da4a8","6bd2dc76-4473-46cd-b554-44c1d1bad1d7","d9d6c368-4693-4622-b088-9ac54d038631"],"position":[0,91.35106736896113,0],"rotation":[0,0,0],"scale":[1,1,1],"components":{"element":{"enabled":true,"type":"group","anchor":[0.5,0.5,0.5,0.5],"pivot":[0.5,0.5],"text":"","key":null,"fontAsset":95484367,"fontSize":32,"minFontSize":8,"maxFontSize":32,"autoFitWidth":false,"autoFitHeight":false,"maxLines":null,"lineHeight":32,"wrapLines":true,"spacing":1,"color":[1,1,1],"opacity":1,"textureAsset":null,"spriteAsset":null,"spriteFrame":0,"pixelsPerUnit":null,"width":1000,"height":1600,"margin":[-500,-708.649,-500,-891.351],"alignment":[0.5,0.5],"outlineColor":[0,0,0,1],"outlineThickness":0,"shadowColor":[0,0,0,1],"shadowOffset":[0,0],"rect":[0,0,1,1],"materialAsset":null,"autoWidth":false,"autoHeight":false,"fitMode":"stretch","useInput":false,"batchGroupId":null,"mask":false,"layers":[4],"enableMarkup":false},"script":{"enabled":true,"order":["middle"],"scripts":{"middle":{"enabled":true,"attributes":{"openCard":"be5aec47-9d89-485d-a7e0-9ee89616a4db","hiddenCard":"d028b395-508e-41f6-81a6-677a555da4a8","resultText":"f8827aa2-3ffa-456a-8773-d9e83f82c614"}}}}}},"6e2e0ad6-b7b0-497c-a2d6-83174b42bb9d":{"name":"Bottom","tags":[],"enabled":true,"resource_id":"6e2e0ad6-b7b0-497c-a2d6-83174b42bb9d","parent":"a019517d-368f-4ce7-87bb-e99894bcc1e2","children":["717f1daa-0043-4f79-90ec-85deecdc5e73","480c18f6-d3b8-478a-b573-4889b0154e56","4a5d316b-7653-4505-b82f-693edb49b6a2","85b17c53-513d-4bfa-871d-1e0e273b8786"],"position":[0,0,0],"rotation":[0,0,0],"scale":[1,1,1],"components":{"element":{"enabled":true,"type":"group","anchor":[0.5,0,0.5,0],"pivot":[0.5,0],"text":"","key":null,"fontAsset":95484367,"fontSize":32,"minFontSize":8,"maxFontSize":32,"autoFitWidth":false,"autoFitHeight":false,"maxLines":null,"lineHeight":32,"wrapLines":true,"spacing":1,"color":[1,1,1],"opacity":1,"textureAsset":null,"spriteAsset":null,"spriteFrame":0,"pixelsPerUnit":null,"width":1000,"height":400,"margin":[-500,0,-500,-400],"alignment":[0.5,0.5],"outlineColor":[0,0,0,1],"outlineThickness":0,"shadowColor":[0,0,0,1],"shadowOffset":[0,0],"rect":[0,0,1,1],"materialAsset":null,"autoWidth":false,"autoHeight":false,"fitMode":"stretch","useInput":false,"batchGroupId":null,"mask":false,"layers":[4],"enableMarkup":false},"script":{"enabled":true,"order":["bottom"],"scripts":{"bottom":{"enabled":true,"attributes":{"startButton":"ac86bc84-6e51-4fca-9e3c-eb36f48b4a86","oddButton":"d83c1c56-1349-4036-806f-bbb897f2a8e8","evenButton":"fdbe9c2d-a8cc-4613-a7bf-b40922ae086f","winResult":"5665afa5-5303-4c36-90aa-082859636427","loseResult":"8d022bf0-009d-4913-9cba-07b973de155d","lBell":"47904d24-36d8-4b80-91a8-6e05271b5c50","rBell":"80e3391d-4c53-4956-9440-372855079627","betUi":"5a034e63-1b15-486b-96fc-2b2e2847420a","profit":"408ea63d-61d1-46e5-a3bc-7c020d2e654e","start_active":103437237,"start_inactive":103437234,"odd_active":103437247,"odd_inactive":103437240,"even_active":103437238,"even_inactive":103437239,"bell_active":103437242,"bell_inactive":103437966}}}}}},"717f1daa-0043-4f79-90ec-85deecdc5e73":{"name":"Idle","tags":[],"enabled":true,"resource_id":"717f1daa-0043-4f79-90ec-85deecdc5e73","parent":"6e2e0ad6-b7b0-497c-a2d6-83174b42bb9d","children":["ac86bc84-6e51-4fca-9e3c-eb36f48b4a86"],"position":[0,0,0],"rotation":[0,0,0],"scale":[1,1,1],"components":{"element":{"enabled":true,"type":"group","anchor":[0.5,0.5,0.5,0.5],"pivot":[0.5,0.5],"text":"","key":null,"fontAsset":95484367,"fontSize":32,"minFontSize":8,"maxFontSize":32,"autoFitWidth":false,"autoFitHeight":false,"maxLines":null,"lineHeight":32,"wrapLines":true,"spacing":1,"color":[1,1,1],"opacity":1,"textureAsset":null,"spriteAsset":null,"spriteFrame":0,"pixelsPerUnit":null,"width":1000,"height":400,"margin":[-500,-200,-500,-200],"alignment":[0.5,0.5],"outlineColor":[0,0,0,1],"outlineThickness":0,"shadowColor":[0,0,0,1],"shadowOffset":[0,0],"rect":[0,0,1,1],"materialAsset":null,"autoWidth":false,"autoHeight":false,"fitMode":"stretch","useInput":false,"batchGroupId":null,"mask":false,"layers":[4],"enableMarkup":false}}},"480c18f6-d3b8-478a-b573-4889b0154e56":{"name":"InGame","tags":[],"enabled":true,"resource_id":"480c18f6-d3b8-478a-b573-4889b0154e56","parent":"6e2e0ad6-b7b0-497c-a2d6-83174b42bb9d","children":["d83c1c56-1349-4036-806f-bbb897f2a8e8","fdbe9c2d-a8cc-4613-a7bf-b40922ae086f"],"position":[0,0,0],"rotation":[0,0,0],"scale":[1,1,1],"components":{"element":{"enabled":true,"type":"group","anchor":[0.5,0.5,0.5,0.5],"pivot":[0.5,0.5],"text":"","key":null,"fontAsset":95484367,"fontSize":32,"minFontSize":8,"maxFontSize":32,"autoFitWidth":false,"autoFitHeight":false,"maxLines":null,"lineHeight":32,"wrapLines":true,"spacing":1,"color":[1,1,1],"opacity":1,"textureAsset":null,"spriteAsset":null,"spriteFrame":0,"pixelsPerUnit":null,"width":1000,"height":400,"margin":[-500,-200,-500,-200],"alignment":[0.5,0.5],"outlineColor":[0,0,0,1],"outlineThickness":0,"shadowColor":[0,0,0,1],"shadowOffset":[0,0],"rect":[0,0,1,1],"materialAsset":null,"autoWidth":false,"autoHeight":false,"fitMode":"stretch","useInput":false,"batchGroupId":null,"mask":false,"layers":[4],"enableMarkup":false}}},"4a5d316b-7653-4505-b82f-693edb49b6a2":{"name":"Result","tags":[],"enabled":true,"resource_id":"4a5d316b-7653-4505-b82f-693edb49b6a2","parent":"6e2e0ad6-b7b0-497c-a2d6-83174b42bb9d","children":["5665afa5-5303-4c36-90aa-082859636427","8d022bf0-009d-4913-9cba-07b973de155d","47904d24-36d8-4b80-91a8-6e05271b5c50","80e3391d-4c53-4956-9440-372855079627"],"position":[0,0,0],"rotation":[0,0,0],"scale":[1,1,1],"components":{"element":{"enabled":true,"type":"group","anchor":[0.5,0.5,0.5,0.5],"pivot":[0.5,0.5],"text":"","key":null,"fontAsset":95484367,"fontSize":32,"minFontSize":8,"maxFontSize":32,"autoFitWidth":false,"autoFitHeight":false,"maxLines":null,"lineHeight":32,"wrapLines":true,"spacing":1,"color":[1,1,1],"opacity":1,"textureAsset":null,"spriteAsset":null,"spriteFrame":0,"pixelsPerUnit":null,"width":1000,"height":400,"margin":[-500,-200,-500,-200],"alignment":[0.5,0.5],"outlineColor":[0,0,0,1],"outlineThickness":0,"shadowColor":[0,0,0,1],"shadowOffset":[0,0],"rect":[0,0,1,1],"materialAsset":null,"autoWidth":false,"autoHeight":false,"fitMode":"stretch","useInput":false,"batchGroupId":null,"mask":false,"layers":[4],"enableMarkup":false}}},"ac86bc84-6e51-4fca-9e3c-eb36f48b4a86":{"name":"StartButton","tags":[],"enabled":true,"resource_id":"ac86bc84-6e51-4fca-9e3c-eb36f48b4a86","parent":"717f1daa-0043-4f79-90ec-85deecdc5e73","children":["ef9eb80a-dac0-413c-8134-6174cd11f061"],"position":[0,-75,0],"rotation":[0,0,0],"scale":[1,1,1],"components":{"button":{"enabled":true,"active":true,"imageEntity":"ac86bc84-6e51-4fca-9e3c-eb36f48b4a86","hitPadding":[0,0,0,0],"transitionMode":0,"hoverTint":[1,1,1,1],"pressedTint":[1,1,1,1],"inactiveTint":[1,1,1,1],"fadeDuration":0,"hoverSpriteAsset":null,"hoverSpriteFrame":0,"pressedSpriteAsset":null,"pressedSpriteFrame":0,"inactiveSpriteAsset":null,"inactiveSpriteFrame":0,"hoverTextureAsset":null,"pressedTextureAsset":null,"inactiveTextureAsset":null},"element":{"enabled":true,"type":"image","anchor":[0.5,0.5,0.5,0.5],"pivot":[0.5,0.5],"text":"","key":null,"fontAsset":95484367,"fontSize":32,"minFontSize":8,"maxFontSize":32,"autoFitWidth":false,"autoFitHeight":false,"maxLines":null,"lineHeight":32,"wrapLines":true,"spacing":1,"color":[1,1,1],"opacity":1,"textureAsset":103437234,"spriteAsset":null,"spriteFrame":0,"pixelsPerUnit":null,"width":244,"height":178,"margin":[-122,-164,-122,-14],"alignment":[0.5,0.5],"outlineColor":[0,0,0,1],"outlineThickness":0,"shadowColor":[0,0,0,1],"shadowOffset":[0,0],"rect":[0,0,1,1],"materialAsset":null,"autoWidth":false,"autoHeight":false,"fitMode":"contain","useInput":true,"batchGroupId":null,"mask":false,"layers":[4],"enableMarkup":false}}},"ef9eb80a-dac0-413c-8134-6174cd11f061":{"name":"Text","tags":[],"enabled":true,"resource_id":"ef9eb80a-dac0-413c-8134-6174cd11f061","parent":"ac86bc84-6e51-4fca-9e3c-eb36f48b4a86","children":[],"position":[0,0,0],"rotation":[0,0,0],"scale":[1,1,1],"components":{"element":{"enabled":true,"type":"text","anchor":[0.5,0.5,0.5,0.5],"pivot":[0.5,0.5],"text":"START","key":null,"fontAsset":95484367,"fontSize":45,"minFontSize":8,"maxFontSize":150,"autoFitWidth":false,"autoFitHeight":false,"maxLines":null,"lineHeight":45,"wrapLines":true,"spacing":1,"color":[1,1,1],"opacity":1,"textureAsset":null,"spriteAsset":null,"spriteFrame":0,"pixelsPerUnit":null,"width":103.008,"height":35.968,"margin":[-51.504,-17.984,-51.504,-17.984],"alignment":[0.5,0.5],"outlineColor":[0,0,0,1],"outlineThickness":0.4,"shadowColor":[0,0,0,1],"shadowOffset":[0,0],"rect":[0,0,1,1],"materialAsset":null,"autoWidth":true,"autoHeight":true,"fitMode":"stretch","useInput":false,"batchGroupId":null,"mask":false,"layers":[4],"enableMarkup":false}}},"be5aec47-9d89-485d-a7e0-9ee89616a4db":{"name":"OpenCard","tags":[],"enabled":true,"resource_id":"be5aec47-9d89-485d-a7e0-9ee89616a4db","parent":"43776b5d-805c-405d-8a6a-693a0848e585","children":["d95fc8c8-cbf3-4969-9fb4-70d7f6e473a5","5d358b0e-d1d6-47bc-9619-57da74141e45"],"position":[0,0,0],"rotation":[0,0,0],"scale":[1,1,1],"components":{"element":{"enabled":true,"type":"group","anchor":[0.5,0.5,0.5,0.5],"pivot":[0.5,0.5],"text":"","key":null,"fontAsset":95484367,"fontSize":32,"minFontSize":8,"maxFontSize":32,"autoFitWidth":false,"autoFitHeight":false,"maxLines":null,"lineHeight":32,"wrapLines":true,"spacing":1,"color":[1,1,1],"opacity":1,"textureAsset":null,"spriteAsset":null,"spriteFrame":0,"pixelsPerUnit":null,"width":1000,"height":1600,"margin":[-500,-800,-500,-800],"alignment":[0.5,0.5],"outlineColor":[0,0,0,1],"outlineThickness":0,"shadowColor":[0,0,0,1],"shadowOffset":[0,0],"rect":[0,0,1,1],"materialAsset":null,"autoWidth":false,"autoHeight":false,"fitMode":"stretch","useInput":false,"batchGroupId":null,"mask":false,"layers":[4],"enableMarkup":false},"script":{"enabled":true,"order":["card"],"scripts":{"card":{"enabled":true,"attributes":{"cardRoot":"d95fc8c8-cbf3-4969-9fb4-70d7f6e473a5","cardFront":"081c9f90-2ddf-4866-a88f-65d2b3148056","cardTypeText":"2189987b-fef3-4b1d-a5a4-60d5b4b3b732"}}}}}},"d95fc8c8-cbf3-4969-9fb4-70d7f6e473a5":{"name":"Card","tags":[],"enabled":true,"resource_id":"d95fc8c8-cbf3-4969-9fb4-70d7f6e473a5","parent":"be5aec47-9d89-485d-a7e0-9ee89616a4db","children":["081c9f90-2ddf-4866-a88f-65d2b3148056","9f272e06-ada5-456e-95d4-5e5036de43ec"],"position":[-203,-122,0],"rotation":[0,180,0],"scale":[1,1,1],"components":{"element":{"enabled":true,"type":"group","anchor":[0.5,0.5,0.5,0.5],"pivot":[0.5,0.5],"text":"","key":null,"fontAsset":95484367,"fontSize":32,"minFontSize":8,"maxFontSize":32,"autoFitWidth":false,"autoFitHeight":false,"maxLines":null,"lineHeight":32,"wrapLines":true,"spacing":1,"color":[1,1,1],"opacity":1,"textureAsset":null,"spriteAsset":null,"spriteFrame":0,"pixelsPerUnit":null,"width":1000,"height":1600,"margin":[-703,-922,-297,-678],"alignment":[0.5,0.5],"outlineColor":[0,0,0,1],"outlineThickness":0,"shadowColor":[0,0,0,1],"shadowOffset":[0,0],"rect":[0,0,1,1],"materialAsset":null,"autoWidth":false,"autoHeight":false,"fitMode":"stretch","useInput":false,"batchGroupId":null,"mask":false,"layers":[4],"enableMarkup":false}}},"6bd2dc76-4473-46cd-b554-44c1d1bad1d7":{"name":"Result","tags":[],"enabled":true,"resource_id":"6bd2dc76-4473-46cd-b554-44c1d1bad1d7","parent":"43776b5d-805c-405d-8a6a-693a0848e585","children":["f8827aa2-3ffa-456a-8773-d9e83f82c614"],"position":[0,0,0],"rotation":[0,0,0],"scale":[1,1,1],"components":{"element":{"enabled":true,"type":"group","anchor":[0.5,0.5,0.5,0.5],"pivot":[0.5,0.5],"text":"","key":null,"fontAsset":95484367,"fontSize":32,"minFontSize":8,"maxFontSize":32,"autoFitWidth":false,"autoFitHeight":false,"maxLines":null,"lineHeight":32,"wrapLines":true,"spacing":1,"color":[1,1,1],"opacity":1,"textureAsset":null,"spriteAsset":null,"spriteFrame":0,"pixelsPerUnit":null,"width":1000,"height":1600,"margin":[-500,-800,-500,-800],"alignment":[0.5,0.5],"outlineColor":[0,0,0,1],"outlineThickness":0,"shadowColor":[0,0,0,1],"shadowOffset":[0,0],"rect":[0,0,1,1],"materialAsset":null,"autoWidth":false,"autoHeight":false,"fitMode":"stretch","useInput":false,"batchGroupId":null,"mask":false,"layers":[4],"enableMarkup":false}}},"f8827aa2-3ffa-456a-8773-d9e83f82c614":{"name":"ResultText","tags":[],"enabled":true,"resource_id":"f8827aa2-3ffa-456a-8773-d9e83f82c614","parent":"6bd2dc76-4473-46cd-b554-44c1d1bad1d7","children":[],"position":[0,-416.88554677175824,0],"rotation":[0,0,0],"scale":[1,1,1],"components":{"element":{"enabled":true,"type":"text","anchor":[0.5,0.5,0.5,0.5],"pivot":[0.5,0.5],"text":"?","key":null,"fontAsset":95484367,"fontSize":80,"minFontSize":8,"maxFontSize":32,"autoFitWidth":false,"autoFitHeight":false,"maxLines":null,"lineHeight":80,"wrapLines":true,"spacing":1,"color":[1,1,1],"opacity":1,"textureAsset":null,"spriteAsset":null,"spriteFrame":0,"pixelsPerUnit":null,"width":60.6,"height":112.4,"margin":[-24.24,-461.846,-24.24,371.926],"alignment":[0.5,0.5],"outlineColor":[0,0,0,1],"outlineThickness":0.4,"shadowColor":[0,0,0,1],"shadowOffset":[0,0],"rect":[0,0,1,1],"materialAsset":null,"autoWidth":true,"autoHeight":true,"fitMode":"stretch","useInput":false,"batchGroupId":null,"mask":false,"layers":[4],"enableMarkup":false}}},"081c9f90-2ddf-4866-a88f-65d2b3148056":{"name":"Front","tags":[],"enabled":true,"resource_id":"081c9f90-2ddf-4866-a88f-65d2b3148056","parent":"d95fc8c8-cbf3-4969-9fb4-70d7f6e473a5","children":["44808494-0f76-4886-91f5-768e952c405a","6fe8a61f-373a-4f2c-8462-0b85b8b45730","a3f621b8-8c70-453d-8484-6a8b917bf3eb","7539fddc-a2ee-4c6b-a61d-0c22fa0cbb29","57b105f5-f65f-4132-af74-df6c4ba6d284","75bdb9ba-3ead-47e4-92a7-5b34346f3662","b0c788f9-2fea-4078-ba09-5ecf7fb1a7b4"],"position":[0,0,0],"rotation":[0,0,0],"scale":[1,1,1],"components":{"element":{"enabled":true,"type":"image","anchor":[0.5,0.5,0.5,0.5],"pivot":[0.5,0.5],"text":"","key":null,"fontAsset":95484367,"fontSize":32,"minFontSize":8,"maxFontSize":32,"autoFitWidth":false,"autoFitHeight":false,"maxLines":null,"lineHeight":32,"wrapLines":true,"spacing":1,"color":[1,1,1],"opacity":1,"textureAsset":103437245,"spriteAsset":null,"spriteFrame":0,"pixelsPerUnit":null,"width":268,"height":382,"margin":[-134,-191,-134,-191],"alignment":[0.5,0.5],"outlineColor":[0,0,0,1],"outlineThickness":0,"shadowColor":[0,0,0,1],"shadowOffset":[0,0],"rect":[0,0,1,1],"materialAsset":null,"autoWidth":false,"autoHeight":false,"fitMode":"stretch","useInput":false,"batchGroupId":null,"mask":false,"layers":[4],"enableMarkup":false},"script":{"enabled":true,"order":["cardFront"],"scripts":{"cardFront":{"enabled":true,"attributes":{"numberImage":["44808494-0f76-4886-91f5-768e952c405a","6fe8a61f-373a-4f2c-8462-0b85b8b45730","a3f621b8-8c70-453d-8484-6a8b917bf3eb","7539fddc-a2ee-4c6b-a61d-0c22fa0cbb29","57b105f5-f65f-4132-af74-df6c4ba6d284","75bdb9ba-3ead-47e4-92a7-5b34346f3662","b0c788f9-2fea-4078-ba09-5ecf7fb1a7b4"],"fruitImage":[103437248,103437246,103437244,103437236]}}}}}},"9f272e06-ada5-456e-95d4-5e5036de43ec":{"name":"Back","tags":[],"enabled":true,"resource_id":"9f272e06-ada5-456e-95d4-5e5036de43ec","parent":"d95fc8c8-cbf3-4969-9fb4-70d7f6e473a5","children":[],"position":[0,0,0],"rotation":[0,180,0],"scale":[1,1,1],"components":{"element":{"enabled":true,"type":"image","anchor":[0.5,0.5,0.5,0.5],"pivot":[0.5,0.5],"text":"","key":null,"fontAsset":95484367,"fontSize":32,"minFontSize":8,"maxFontSize":32,"autoFitWidth":false,"autoFitHeight":false,"maxLines":null,"lineHeight":32,"wrapLines":true,"spacing":1,"color":[1,1,1],"opacity":1,"textureAsset":103437913,"spriteAsset":null,"spriteFrame":0,"pixelsPerUnit":null,"width":286,"height":382,"margin":[-143,-191,-143,-191],"alignment":[0.5,0.5],"outlineColor":[0,0,0,1],"outlineThickness":0,"shadowColor":[0,0,0,1],"shadowOffset":[0,0],"rect":[0,0,1,1],"materialAsset":null,"autoWidth":false,"autoHeight":false,"fitMode":"stretch","useInput":false,"batchGroupId":null,"mask":false,"layers":[4],"enableMarkup":false}}},"5d358b0e-d1d6-47bc-9619-57da74141e45":{"name":"OEText","tags":[],"enabled":true,"resource_id":"5d358b0e-d1d6-47bc-9619-57da74141e45","parent":"be5aec47-9d89-485d-a7e0-9ee89616a4db","children":["2189987b-fef3-4b1d-a5a4-60d5b4b3b732"],"position":[0,0,0],"rotation":[0,0,0],"scale":[1,1,1],"components":{"element":{"enabled":true,"type":"group","anchor":[0.5,0.5,0.5,0.5],"pivot":[0.5,0.5],"text":"","key":null,"fontAsset":95484367,"fontSize":32,"minFontSize":8,"maxFontSize":32,"autoFitWidth":false,"autoFitHeight":false,"maxLines":null,"lineHeight":32,"wrapLines":true,"spacing":1,"color":[1,1,1],"opacity":1,"textureAsset":null,"spriteAsset":null,"spriteFrame":0,"pixelsPerUnit":null,"width":1000,"height":1600,"margin":[-500,-800,-500,-800],"alignment":[0.5,0.5],"outlineColor":[0,0,0,1],"outlineThickness":0,"shadowColor":[0,0,0,1],"shadowOffset":[0,0],"rect":[0,0,1,1],"materialAsset":null,"autoWidth":false,"autoHeight":false,"fitMode":"stretch","useInput":false,"batchGroupId":null,"mask":false,"layers":[4],"enableMarkup":false}}},"2189987b-fef3-4b1d-a5a4-60d5b4b3b732":{"name":"ResultText","tags":[],"enabled":true,"resource_id":"2189987b-fef3-4b1d-a5a4-60d5b4b3b732","parent":"5d358b0e-d1d6-47bc-9619-57da74141e45","children":[],"position":[-200,100,0],"rotation":[0,0,0],"scale":[1,1,1],"components":{"element":{"enabled":true,"type":"text","anchor":[0.5,0.5,0.5,0.5],"pivot":[0.5,0.5],"text":"?","key":null,"fontAsset":95484367,"fontSize":45,"minFontSize":8,"maxFontSize":32,"autoFitWidth":false,"autoFitHeight":false,"maxLines":null,"lineHeight":45,"wrapLines":true,"spacing":1,"color":[1,1,1],"opacity":1,"textureAsset":null,"spriteAsset":null,"spriteFrame":0,"pixelsPerUnit":null,"width":48.48,"height":112.39999999999999,"margin":[-213.635,74.71,186.365,-125.29],"alignment":[0.5,0.5],"outlineColor":[0,0,0,1],"outlineThickness":0.4,"shadowColor":[0,0,0,1],"shadowOffset":[0,0],"rect":[0,0,1,1],"materialAsset":null,"autoWidth":true,"autoHeight":true,"fitMode":"stretch","useInput":false,"batchGroupId":null,"mask":false,"layers":[4],"enableMarkup":false}}},"d028b395-508e-41f6-81a6-677a555da4a8":{"name":"HiddenCard","tags":[],"enabled":true,"resource_id":"d028b395-508e-41f6-81a6-677a555da4a8","parent":"43776b5d-805c-405d-8a6a-693a0848e585","children":["fd59c2d1-1168-4699-a2f4-75aa326bafcb","1ee9ee30-cb0a-4ad4-8961-a9dcc54ae348"],"position":[0,0,0],"rotation":[0,0,0],"scale":[1,1,1],"components":{"element":{"enabled":true,"type":"group","anchor":[0.5,0.5,0.5,0.5],"pivot":[0.5,0.5],"text":"","key":null,"fontAsset":95484367,"fontSize":32,"minFontSize":8,"maxFontSize":32,"autoFitWidth":false,"autoFitHeight":false,"maxLines":null,"lineHeight":32,"wrapLines":true,"spacing":1,"color":[1,1,1],"opacity":1,"textureAsset":null,"spriteAsset":null,"spriteFrame":0,"pixelsPerUnit":null,"width":1000,"height":1600,"margin":[-500,-800,-500,-800],"alignment":[0.5,0.5],"outlineColor":[0,0,0,1],"outlineThickness":0,"shadowColor":[0,0,0,1],"shadowOffset":[0,0],"rect":[0,0,1,1],"materialAsset":null,"autoWidth":false,"autoHeight":false,"fitMode":"stretch","useInput":false,"batchGroupId":null,"mask":false,"layers":[4],"enableMarkup":false},"script":{"enabled":true,"order":["card"],"scripts":{"card":{"enabled":true,"attributes":{"cardRoot":"fd59c2d1-1168-4699-a2f4-75aa326bafcb","cardFront":"ee2f351a-7b2a-4578-abf0-7f3208a3e19c","cardTypeText":"b8f45fd1-8f3e-44e0-aeb1-24d089e28566"}}}}}},"fd59c2d1-1168-4699-a2f4-75aa326bafcb":{"name":"Card","tags":[],"enabled":true,"resource_id":"fd59c2d1-1168-4699-a2f4-75aa326bafcb","parent":"d028b395-508e-41f6-81a6-677a555da4a8","children":["ee2f351a-7b2a-4578-abf0-7f3208a3e19c","4618dec6-c139-48fd-8681-0860ac456467"],"position":[203,-122,0],"rotation":[0,180,0],"scale":[1,1,1],"components":{"element":{"enabled":true,"type":"group","anchor":[0.5,0.5,0.5,0.5],"pivot":[0.5,0.5],"text":"","key":null,"fontAsset":95484367,"fontSize":32,"minFontSize":8,"maxFontSize":32,"autoFitWidth":false,"autoFitHeight":false,"maxLines":null,"lineHeight":32,"wrapLines":true,"spacing":1,"color":[1,1,1],"opacity":1,"textureAsset":null,"spriteAsset":null,"spriteFrame":0,"pixelsPerUnit":null,"width":1000,"height":1600,"margin":[-297,-922,-703,-678],"alignment":[0.5,0.5],"outlineColor":[0,0,0,1],"outlineThickness":0,"shadowColor":[0,0,0,1],"shadowOffset":[0,0],"rect":[0,0,1,1],"materialAsset":null,"autoWidth":false,"autoHeight":false,"fitMode":"stretch","useInput":false,"batchGroupId":null,"mask":false,"layers":[4],"enableMarkup":false}}},"4618dec6-c139-48fd-8681-0860ac456467":{"name":"Back","tags":[],"enabled":true,"resource_id":"4618dec6-c139-48fd-8681-0860ac456467","parent":"fd59c2d1-1168-4699-a2f4-75aa326bafcb","children":[],"position":[0,0,0],"rotation":[0,180,0],"scale":[1,1,1],"components":{"element":{"enabled":true,"type":"image","anchor":[0.5,0.5,0.5,0.5],"pivot":[0.5,0.5],"text":"","key":null,"fontAsset":95484367,"fontSize":32,"minFontSize":8,"maxFontSize":32,"autoFitWidth":false,"autoFitHeight":false,"maxLines":null,"lineHeight":32,"wrapLines":true,"spacing":1,"color":[1,1,1],"opacity":1,"textureAsset":103437913,"spriteAsset":null,"spriteFrame":0,"pixelsPerUnit":null,"width":268,"height":382,"margin":[-134,-191,-134,-191],"alignment":[0.5,0.5],"outlineColor":[0,0,0,1],"outlineThickness":0,"shadowColor":[0,0,0,1],"shadowOffset":[0,0],"rect":[0,0,1,1],"materialAsset":null,"autoWidth":false,"autoHeight":false,"fitMode":"stretch","useInput":false,"batchGroupId":null,"mask":false,"layers":[4],"enableMarkup":false}}},"1ee9ee30-cb0a-4ad4-8961-a9dcc54ae348":{"name":"OEText","tags":[],"enabled":true,"resource_id":"1ee9ee30-cb0a-4ad4-8961-a9dcc54ae348","parent":"d028b395-508e-41f6-81a6-677a555da4a8","children":["b8f45fd1-8f3e-44e0-aeb1-24d089e28566"],"position":[0,0,0],"rotation":[0,0,0],"scale":[1,1,1],"components":{"element":{"enabled":true,"type":"group","anchor":[0.5,0.5,0.5,0.5],"pivot":[0.5,0.5],"text":"","key":null,"fontAsset":95484367,"fontSize":32,"minFontSize":8,"maxFontSize":32,"autoFitWidth":false,"autoFitHeight":false,"maxLines":null,"lineHeight":32,"wrapLines":true,"spacing":1,"color":[1,1,1],"opacity":1,"textureAsset":null,"spriteAsset":null,"spriteFrame":0,"pixelsPerUnit":null,"width":1000,"height":1600,"margin":[-500,-800,-500,-800],"alignment":[0.5,0.5],"outlineColor":[0,0,0,1],"outlineThickness":0,"shadowColor":[0,0,0,1],"shadowOffset":[0,0],"rect":[0,0,1,1],"materialAsset":null,"autoWidth":false,"autoHeight":false,"fitMode":"stretch","useInput":false,"batchGroupId":null,"mask":false,"layers":[4],"enableMarkup":false}}},"b8f45fd1-8f3e-44e0-aeb1-24d089e28566":{"name":"ResultText","tags":[],"enabled":true,"resource_id":"b8f45fd1-8f3e-44e0-aeb1-24d089e28566","parent":"1ee9ee30-cb0a-4ad4-8961-a9dcc54ae348","children":[],"position":[200,100,0],"rotation":[0,0,0],"scale":[1,1,1],"components":{"element":{"enabled":true,"type":"text","anchor":[0.5,0.5,0.5,0.5],"pivot":[0.5,0.5],"text":"?","key":null,"fontAsset":95484367,"fontSize":45,"minFontSize":8,"maxFontSize":32,"autoFitWidth":false,"autoFitHeight":false,"maxLines":null,"lineHeight":45,"wrapLines":true,"spacing":1,"color":[1,1,1],"opacity":1,"textureAsset":null,"spriteAsset":null,"spriteFrame":0,"pixelsPerUnit":null,"width":48.48,"height":112.39999999999999,"margin":[175.76,55.04,-224.24,-144.96],"alignment":[0.5,0.5],"outlineColor":[0,0,0,1],"outlineThickness":0.4,"shadowColor":[0,0,0,1],"shadowOffset":[0,0],"rect":[0,0,1,1],"materialAsset":null,"autoWidth":true,"autoHeight":true,"fitMode":"stretch","useInput":false,"batchGroupId":null,"mask":false,"layers":[4],"enableMarkup":false}}},"d9d6c368-4693-4622-b088-9ac54d038631":{"name":"Plus","tags":[],"enabled":true,"resource_id":"d9d6c368-4693-4622-b088-9ac54d038631","parent":"43776b5d-805c-405d-8a6a-693a0848e585","children":[],"position":[0,-120,0],"rotation":[0,0,0],"scale":[1,1,1],"components":{"element":{"enabled":true,"type":"image","anchor":[0.5,0.5,0.5,0.5],"pivot":[0.5,0.5],"text":"","key":null,"fontAsset":95484367,"fontSize":32,"minFontSize":8,"maxFontSize":32,"autoFitWidth":false,"autoFitHeight":false,"maxLines":null,"lineHeight":32,"wrapLines":true,"spacing":1,"color":[1,1,1],"opacity":1,"textureAsset":103437235,"spriteAsset":null,"spriteFrame":0,"pixelsPerUnit":null,"width":64,"height":64,"margin":[-32,-152,-32,88],"alignment":[0.5,0.5],"outlineColor":[0,0,0,1],"outlineThickness":0,"shadowColor":[0,0,0,1],"shadowOffset":[0,0],"rect":[0,0,1,1],"materialAsset":null,"autoWidth":false,"autoHeight":false,"fitMode":"stretch","useInput":false,"batchGroupId":null,"mask":false,"layers":[4],"enableMarkup":false}}},"6fe8a61f-373a-4f2c-8462-0b85b8b45730":{"name":"1","tags":[],"enabled":true,"resource_id":"6fe8a61f-373a-4f2c-8462-0b85b8b45730","parent":"081c9f90-2ddf-4866-a88f-65d2b3148056","children":[],"position":[80,110,0],"rotation":[0,0,0],"scale":[1,1,1],"components":{"element":{"enabled":true,"type":"image","anchor":[0.5,0.5,0.5,0.5],"pivot":[0.5,0.5],"text":"","key":null,"fontAsset":95484367,"fontSize":32,"minFontSize":8,"maxFontSize":32,"autoFitWidth":false,"autoFitHeight":false,"maxLines":null,"lineHeight":32,"wrapLines":true,"spacing":1,"color":[1,1,1],"opacity":1,"textureAsset":103437248,"spriteAsset":null,"spriteFrame":0,"pixelsPerUnit":null,"width":82,"height":114,"margin":[39,53,-121,-167],"alignment":[0.5,0.5],"outlineColor":[0,0,0,1],"outlineThickness":0,"shadowColor":[0,0,0,1],"shadowOffset":[0,0],"rect":[0,0,1,1],"materialAsset":null,"autoWidth":false,"autoHeight":false,"fitMode":"stretch","useInput":false,"batchGroupId":null,"mask":false,"layers":[4],"enableMarkup":false}}},"44808494-0f76-4886-91f5-768e952c405a":{"name":"0","tags":[],"enabled":true,"resource_id":"44808494-0f76-4886-91f5-768e952c405a","parent":"081c9f90-2ddf-4866-a88f-65d2b3148056","children":[],"position":[-80,110,0],"rotation":[0,0,0],"scale":[1,1,1],"components":{"element":{"enabled":true,"type":"image","anchor":[0.5,0.5,0.5,0.5],"pivot":[0.5,0.5],"text":"","key":null,"fontAsset":95484367,"fontSize":32,"minFontSize":8,"maxFontSize":32,"autoFitWidth":false,"autoFitHeight":false,"maxLines":null,"lineHeight":32,"wrapLines":true,"spacing":1,"color":[1,1,1],"opacity":1,"textureAsset":103437248,"spriteAsset":null,"spriteFrame":0,"pixelsPerUnit":null,"width":82,"height":114,"margin":[-121,53,39,-167],"alignment":[0.5,0.5],"outlineColor":[0,0,0,1],"outlineThickness":0,"shadowColor":[0,0,0,1],"shadowOffset":[0,0],"rect":[0,0,1,1],"materialAsset":null,"autoWidth":false,"autoHeight":false,"fitMode":"stretch","useInput":false,"batchGroupId":null,"mask":false,"layers":[4],"enableMarkup":false}}},"a3f621b8-8c70-453d-8484-6a8b917bf3eb":{"name":"2","tags":[],"enabled":true,"resource_id":"a3f621b8-8c70-453d-8484-6a8b917bf3eb","parent":"081c9f90-2ddf-4866-a88f-65d2b3148056","children":[],"position":[-80,0,0],"rotation":[0,0,0],"scale":[1,1,1],"components":{"element":{"enabled":true,"type":"image","anchor":[0.5,0.5,0.5,0.5],"pivot":[0.5,0.5],"text":"","key":null,"fontAsset":95484367,"fontSize":32,"minFontSize":8,"maxFontSize":32,"autoFitWidth":false,"autoFitHeight":false,"maxLines":null,"lineHeight":32,"wrapLines":true,"spacing":1,"color":[1,1,1],"opacity":1,"textureAsset":103437248,"spriteAsset":null,"spriteFrame":0,"pixelsPerUnit":null,"width":82,"height":114,"margin":[-121,-57,39,-57],"alignment":[0.5,0.5],"outlineColor":[0,0,0,1],"outlineThickness":0,"shadowColor":[0,0,0,1],"shadowOffset":[0,0],"rect":[0,0,1,1],"materialAsset":null,"autoWidth":false,"autoHeight":false,"fitMode":"stretch","useInput":false,"batchGroupId":null,"mask":false,"layers":[4],"enableMarkup":false}}},"7539fddc-a2ee-4c6b-a61d-0c22fa0cbb29":{"name":"3","tags":[],"enabled":true,"resource_id":"7539fddc-a2ee-4c6b-a61d-0c22fa0cbb29","parent":"081c9f90-2ddf-4866-a88f-65d2b3148056","children":[],"position":[0,0,0],"rotation":[0,0,0],"scale":[1,1,1],"components":{"element":{"enabled":true,"type":"image","anchor":[0.5,0.5,0.5,0.5],"pivot":[0.5,0.5],"text":"","key":null,"fontAsset":95484367,"fontSize":32,"minFontSize":8,"maxFontSize":32,"autoFitWidth":false,"autoFitHeight":false,"maxLines":null,"lineHeight":32,"wrapLines":true,"spacing":1,"color":[1,1,1],"opacity":1,"textureAsset":103437248,"spriteAsset":null,"spriteFrame":0,"pixelsPerUnit":null,"width":82,"height":114,"margin":[-41,-57,-41,-57],"alignment":[0.5,0.5],"outlineColor":[0,0,0,1],"outlineThickness":0,"shadowColor":[0,0,0,1],"shadowOffset":[0,0],"rect":[0,0,1,1],"materialAsset":null,"autoWidth":false,"autoHeight":false,"fitMode":"stretch","useInput":false,"batchGroupId":null,"mask":false,"layers":[4],"enableMarkup":false}}},"57b105f5-f65f-4132-af74-df6c4ba6d284":{"name":"4","tags":[],"enabled":true,"resource_id":"57b105f5-f65f-4132-af74-df6c4ba6d284","parent":"081c9f90-2ddf-4866-a88f-65d2b3148056","children":[],"position":[80,0,0],"rotation":[0,0,0],"scale":[1,1,1],"components":{"element":{"enabled":true,"type":"image","anchor":[0.5,0.5,0.5,0.5],"pivot":[0.5,0.5],"text":"","key":null,"fontAsset":95484367,"fontSize":32,"minFontSize":8,"maxFontSize":32,"autoFitWidth":false,"autoFitHeight":false,"maxLines":null,"lineHeight":32,"wrapLines":true,"spacing":1,"color":[1,1,1],"opacity":1,"textureAsset":103437248,"spriteAsset":null,"spriteFrame":0,"pixelsPerUnit":null,"width":82,"height":114,"margin":[39,-57,-121,-57],"alignment":[0.5,0.5],"outlineColor":[0,0,0,1],"outlineThickness":0,"shadowColor":[0,0,0,1],"shadowOffset":[0,0],"rect":[0,0,1,1],"materialAsset":null,"autoWidth":false,"autoHeight":false,"fitMode":"stretch","useInput":false,"batchGroupId":null,"mask":false,"layers":[4],"enableMarkup":false}}},"75bdb9ba-3ead-47e4-92a7-5b34346f3662":{"name":"5","tags":[],"enabled":true,"resource_id":"75bdb9ba-3ead-47e4-92a7-5b34346f3662","parent":"081c9f90-2ddf-4866-a88f-65d2b3148056","children":[],"position":[-80,-110,0],"rotation":[0,0,0],"scale":[1,1,1],"components":{"element":{"enabled":true,"type":"image","anchor":[0.5,0.5,0.5,0.5],"pivot":[0.5,0.5],"text":"","key":null,"fontAsset":95484367,"fontSize":32,"minFontSize":8,"maxFontSize":32,"autoFitWidth":false,"autoFitHeight":false,"maxLines":null,"lineHeight":32,"wrapLines":true,"spacing":1,"color":[1,1,1],"opacity":1,"textureAsset":103437248,"spriteAsset":null,"spriteFrame":0,"pixelsPerUnit":null,"width":82,"height":114,"margin":[-121,-167,39,53],"alignment":[0.5,0.5],"outlineColor":[0,0,0,1],"outlineThickness":0,"shadowColor":[0,0,0,1],"shadowOffset":[0,0],"rect":[0,0,1,1],"materialAsset":null,"autoWidth":false,"autoHeight":false,"fitMode":"stretch","useInput":false,"batchGroupId":null,"mask":false,"layers":[4],"enableMarkup":false}}},"b0c788f9-2fea-4078-ba09-5ecf7fb1a7b4":{"name":"6","tags":[],"enabled":true,"resource_id":"b0c788f9-2fea-4078-ba09-5ecf7fb1a7b4","parent":"081c9f90-2ddf-4866-a88f-65d2b3148056","children":[],"position":[80,-110,0],"rotation":[0,0,0],"scale":[1,1,1],"components":{"element":{"enabled":true,"type":"image","anchor":[0.5,0.5,0.5,0.5],"pivot":[0.5,0.5],"text":"","key":null,"fontAsset":95484367,"fontSize":32,"minFontSize":8,"maxFontSize":32,"autoFitWidth":false,"autoFitHeight":false,"maxLines":null,"lineHeight":32,"wrapLines":true,"spacing":1,"color":[1,1,1],"opacity":1,"textureAsset":103437248,"spriteAsset":null,"spriteFrame":0,"pixelsPerUnit":null,"width":82,"height":114,"margin":[39,-167,-121,53],"alignment":[0.5,0.5],"outlineColor":[0,0,0,1],"outlineThickness":0,"shadowColor":[0,0,0,1],"shadowOffset":[0,0],"rect":[0,0,1,1],"materialAsset":null,"autoWidth":false,"autoHeight":false,"fitMode":"stretch","useInput":false,"batchGroupId":null,"mask":false,"layers":[4],"enableMarkup":false}}},"ee2f351a-7b2a-4578-abf0-7f3208a3e19c":{"name":"Front","tags":[],"enabled":true,"resource_id":"ee2f351a-7b2a-4578-abf0-7f3208a3e19c","parent":"fd59c2d1-1168-4699-a2f4-75aa326bafcb","children":["b8738ccf-a4a7-46b8-b7ee-1b3bbfc3b5d6","e8f904a7-e272-48c0-98a3-ecd77e91fca2","1b515d7e-424b-44f0-9116-abe69a2fb5be","1cf31b35-578d-46bf-8492-c3ba4d9fa73c","6d1ad06d-710e-4eaf-8556-95dd2f153b8b","658347fe-cb44-4b2a-b49e-19184038e6d7","837a9dbc-a8fc-4a9c-98e1-f50f3f53e776"],"position":[0,0,0],"rotation":[0,0,0],"scale":[1,1,1],"components":{"element":{"enabled":true,"type":"image","anchor":[0.5,0.5,0.5,0.5],"pivot":[0.5,0.5],"text":"","key":null,"fontAsset":95484367,"fontSize":32,"minFontSize":8,"maxFontSize":32,"autoFitWidth":false,"autoFitHeight":false,"maxLines":null,"lineHeight":32,"wrapLines":true,"spacing":1,"color":[1,1,1],"opacity":1,"textureAsset":103437245,"spriteAsset":null,"spriteFrame":0,"pixelsPerUnit":null,"width":268,"height":382,"margin":[-134,-191,-134,-191],"alignment":[0.5,0.5],"outlineColor":[0,0,0,1],"outlineThickness":0,"shadowColor":[0,0,0,1],"shadowOffset":[0,0],"rect":[0,0,1,1],"materialAsset":null,"autoWidth":false,"autoHeight":false,"fitMode":"stretch","useInput":false,"batchGroupId":null,"mask":false,"layers":[4],"enableMarkup":false},"script":{"enabled":true,"order":["cardFront"],"scripts":{"cardFront":{"enabled":true,"attributes":{"numberImage":["b8738ccf-a4a7-46b8-b7ee-1b3bbfc3b5d6","e8f904a7-e272-48c0-98a3-ecd77e91fca2","1b515d7e-424b-44f0-9116-abe69a2fb5be","1cf31b35-578d-46bf-8492-c3ba4d9fa73c","6d1ad06d-710e-4eaf-8556-95dd2f153b8b","658347fe-cb44-4b2a-b49e-19184038e6d7","837a9dbc-a8fc-4a9c-98e1-f50f3f53e776"],"fruitImage":[103437248,103437246,103437244,103437236]}}}}}},"b8738ccf-a4a7-46b8-b7ee-1b3bbfc3b5d6":{"name":"0","tags":[],"enabled":true,"resource_id":"b8738ccf-a4a7-46b8-b7ee-1b3bbfc3b5d6","parent":"ee2f351a-7b2a-4578-abf0-7f3208a3e19c","children":[],"position":[-80,110,0],"rotation":[0,0,0],"scale":[1,1,1],"components":{"element":{"enabled":true,"type":"image","anchor":[0.5,0.5,0.5,0.5],"pivot":[0.5,0.5],"text":"","key":null,"fontAsset":95484367,"fontSize":32,"minFontSize":8,"maxFontSize":32,"autoFitWidth":false,"autoFitHeight":false,"maxLines":null,"lineHeight":32,"wrapLines":true,"spacing":1,"color":[1,1,1],"opacity":1,"textureAsset":103437248,"spriteAsset":null,"spriteFrame":0,"pixelsPerUnit":null,"width":82,"height":114,"margin":[-121,53,39,-167],"alignment":[0.5,0.5],"outlineColor":[0,0,0,1],"outlineThickness":0,"shadowColor":[0,0,0,1],"shadowOffset":[0,0],"rect":[0,0,1,1],"materialAsset":null,"autoWidth":false,"autoHeight":false,"fitMode":"stretch","useInput":false,"batchGroupId":null,"mask":false,"layers":[4],"enableMarkup":false}}},"e8f904a7-e272-48c0-98a3-ecd77e91fca2":{"name":"1","tags":[],"enabled":true,"resource_id":"e8f904a7-e272-48c0-98a3-ecd77e91fca2","parent":"ee2f351a-7b2a-4578-abf0-7f3208a3e19c","children":[],"position":[80,110,0],"rotation":[0,0,0],"scale":[1,1,1],"components":{"element":{"enabled":true,"type":"image","anchor":[0.5,0.5,0.5,0.5],"pivot":[0.5,0.5],"text":"","key":null,"fontAsset":95484367,"fontSize":32,"minFontSize":8,"maxFontSize":32,"autoFitWidth":false,"autoFitHeight":false,"maxLines":null,"lineHeight":32,"wrapLines":true,"spacing":1,"color":[1,1,1],"opacity":1,"textureAsset":103437248,"spriteAsset":null,"spriteFrame":0,"pixelsPerUnit":null,"width":82,"height":114,"margin":[39,53,-121,-167],"alignment":[0.5,0.5],"outlineColor":[0,0,0,1],"outlineThickness":0,"shadowColor":[0,0,0,1],"shadowOffset":[0,0],"rect":[0,0,1,1],"materialAsset":null,"autoWidth":false,"autoHeight":false,"fitMode":"stretch","useInput":false,"batchGroupId":null,"mask":false,"layers":[4],"enableMarkup":false}}},"1b515d7e-424b-44f0-9116-abe69a2fb5be":{"name":"2","tags":[],"enabled":true,"resource_id":"1b515d7e-424b-44f0-9116-abe69a2fb5be","parent":"ee2f351a-7b2a-4578-abf0-7f3208a3e19c","children":[],"position":[-80,0,0],"rotation":[0,0,0],"scale":[1,1,1],"components":{"element":{"enabled":true,"type":"image","anchor":[0.5,0.5,0.5,0.5],"pivot":[0.5,0.5],"text":"","key":null,"fontAsset":95484367,"fontSize":32,"minFontSize":8,"maxFontSize":32,"autoFitWidth":false,"autoFitHeight":false,"maxLines":null,"lineHeight":32,"wrapLines":true,"spacing":1,"color":[1,1,1],"opacity":1,"textureAsset":103437248,"spriteAsset":null,"spriteFrame":0,"pixelsPerUnit":null,"width":82,"height":114,"margin":[-121,-57,39,-57],"alignment":[0.5,0.5],"outlineColor":[0,0,0,1],"outlineThickness":0,"shadowColor":[0,0,0,1],"shadowOffset":[0,0],"rect":[0,0,1,1],"materialAsset":null,"autoWidth":false,"autoHeight":false,"fitMode":"stretch","useInput":false,"batchGroupId":null,"mask":false,"layers":[4],"enableMarkup":false}}},"1cf31b35-578d-46bf-8492-c3ba4d9fa73c":{"name":"3","tags":[],"enabled":true,"resource_id":"1cf31b35-578d-46bf-8492-c3ba4d9fa73c","parent":"ee2f351a-7b2a-4578-abf0-7f3208a3e19c","children":[],"position":[0,0,0],"rotation":[0,0,0],"scale":[1,1,1],"components":{"element":{"enabled":true,"type":"image","anchor":[0.5,0.5,0.5,0.5],"pivot":[0.5,0.5],"text":"","key":null,"fontAsset":95484367,"fontSize":32,"minFontSize":8,"maxFontSize":32,"autoFitWidth":false,"autoFitHeight":false,"maxLines":null,"lineHeight":32,"wrapLines":true,"spacing":1,"color":[1,1,1],"opacity":1,"textureAsset":103437248,"spriteAsset":null,"spriteFrame":0,"pixelsPerUnit":null,"width":82,"height":114,"margin":[-41,-57,-41,-57],"alignment":[0.5,0.5],"outlineColor":[0,0,0,1],"outlineThickness":0,"shadowColor":[0,0,0,1],"shadowOffset":[0,0],"rect":[0,0,1,1],"materialAsset":null,"autoWidth":false,"autoHeight":false,"fitMode":"stretch","useInput":false,"batchGroupId":null,"mask":false,"layers":[4],"enableMarkup":false}}},"6d1ad06d-710e-4eaf-8556-95dd2f153b8b":{"name":"4","tags":[],"enabled":true,"resource_id":"6d1ad06d-710e-4eaf-8556-95dd2f153b8b","parent":"ee2f351a-7b2a-4578-abf0-7f3208a3e19c","children":[],"position":[80,0,0],"rotation":[0,0,0],"scale":[1,1,1],"components":{"element":{"enabled":true,"type":"image","anchor":[0.5,0.5,0.5,0.5],"pivot":[0.5,0.5],"text":"","key":null,"fontAsset":95484367,"fontSize":32,"minFontSize":8,"maxFontSize":32,"autoFitWidth":false,"autoFitHeight":false,"maxLines":null,"lineHeight":32,"wrapLines":true,"spacing":1,"color":[1,1,1],"opacity":1,"textureAsset":103437248,"spriteAsset":null,"spriteFrame":0,"pixelsPerUnit":null,"width":82,"height":114,"margin":[39,-57,-121,-57],"alignment":[0.5,0.5],"outlineColor":[0,0,0,1],"outlineThickness":0,"shadowColor":[0,0,0,1],"shadowOffset":[0,0],"rect":[0,0,1,1],"materialAsset":null,"autoWidth":false,"autoHeight":false,"fitMode":"stretch","useInput":false,"batchGroupId":null,"mask":false,"layers":[4],"enableMarkup":false}}},"658347fe-cb44-4b2a-b49e-19184038e6d7":{"name":"5","tags":[],"enabled":true,"resource_id":"658347fe-cb44-4b2a-b49e-19184038e6d7","parent":"ee2f351a-7b2a-4578-abf0-7f3208a3e19c","children":[],"position":[-80,-110,0],"rotation":[0,0,0],"scale":[1,1,1],"components":{"element":{"enabled":true,"type":"image","anchor":[0.5,0.5,0.5,0.5],"pivot":[0.5,0.5],"text":"","key":null,"fontAsset":95484367,"fontSize":32,"minFontSize":8,"maxFontSize":32,"autoFitWidth":false,"autoFitHeight":false,"maxLines":null,"lineHeight":32,"wrapLines":true,"spacing":1,"color":[1,1,1],"opacity":1,"textureAsset":103437248,"spriteAsset":null,"spriteFrame":0,"pixelsPerUnit":null,"width":82,"height":114,"margin":[-121,-167,39,53],"alignment":[0.5,0.5],"outlineColor":[0,0,0,1],"outlineThickness":0,"shadowColor":[0,0,0,1],"shadowOffset":[0,0],"rect":[0,0,1,1],"materialAsset":null,"autoWidth":false,"autoHeight":false,"fitMode":"stretch","useInput":false,"batchGroupId":null,"mask":false,"layers":[4],"enableMarkup":false}}},"837a9dbc-a8fc-4a9c-98e1-f50f3f53e776":{"name":"6","tags":[],"enabled":true,"resource_id":"837a9dbc-a8fc-4a9c-98e1-f50f3f53e776","parent":"ee2f351a-7b2a-4578-abf0-7f3208a3e19c","children":[],"position":[80,-110,0],"rotation":[0,0,0],"scale":[1,1,1],"components":{"element":{"enabled":true,"type":"image","anchor":[0.5,0.5,0.5,0.5],"pivot":[0.5,0.5],"text":"","key":null,"fontAsset":95484367,"fontSize":32,"minFontSize":8,"maxFontSize":32,"autoFitWidth":false,"autoFitHeight":false,"maxLines":null,"lineHeight":32,"wrapLines":true,"spacing":1,"color":[1,1,1],"opacity":1,"textureAsset":103437248,"spriteAsset":null,"spriteFrame":0,"pixelsPerUnit":null,"width":82,"height":114,"margin":[39,-167,-121,53],"alignment":[0.5,0.5],"outlineColor":[0,0,0,1],"outlineThickness":0,"shadowColor":[0,0,0,1],"shadowOffset":[0,0],"rect":[0,0,1,1],"materialAsset":null,"autoWidth":false,"autoHeight":false,"fitMode":"stretch","useInput":false,"batchGroupId":null,"mask":false,"layers":[4],"enableMarkup":false}}},"6a132463-4065-4029-8123-50daf0892779":{"name":"Controller","tags":[],"enabled":true,"resource_id":"6a132463-4065-4029-8123-50daf0892779","parent":"80f1daf2-0e40-11ed-aa6c-5a8c0ef4e2c9","children":["3789b06d-2fd1-4703-9075-6b91a609741b","3d2631fa-a332-4c94-85d0-9e6aed3a924a","1b0059ce-7c72-4a34-aef1-b2b0d6cd2136"],"position":[0,0,0],"rotation":[0,0,0],"scale":[1,1,1],"components":{}},"3789b06d-2fd1-4703-9075-6b91a609741b":{"name":"DummyServer","tags":[],"enabled":true,"resource_id":"3789b06d-2fd1-4703-9075-6b91a609741b","parent":"6a132463-4065-4029-8123-50daf0892779","children":[],"position":[0,0,0],"rotation":[0,0,0],"scale":[1,1,1],"components":{"script":{"enabled":true,"order":["dummyServer"],"scripts":{"dummyServer":{"enabled":true,"attributes":{}}}}}},"47904d24-36d8-4b80-91a8-6e05271b5c50":{"name":"LBell","tags":[],"enabled":true,"resource_id":"47904d24-36d8-4b80-91a8-6e05271b5c50","parent":"4a5d316b-7653-4505-b82f-693edb49b6a2","children":[],"position":[-281,280,0],"rotation":[0,0,0],"scale":[1,1,1],"components":{"element":{"enabled":true,"type":"image","anchor":[0.5,0.5,0.5,0.5],"pivot":[0.5,0.5],"text":"","key":null,"fontAsset":95484367,"fontSize":32,"minFontSize":8,"maxFontSize":32,"autoFitWidth":false,"autoFitHeight":false,"maxLines":null,"lineHeight":32,"wrapLines":true,"spacing":1,"color":[1,1,1],"opacity":1,"textureAsset":103437966,"spriteAsset":null,"spriteFrame":0,"pixelsPerUnit":null,"width":136,"height":110,"margin":[-349,225,213,-335],"alignment":[0.5,0.5],"outlineColor":[0,0,0,1],"outlineThickness":0,"shadowColor":[0,0,0,1],"shadowOffset":[0,0],"rect":[0,0,1,1],"materialAsset":null,"autoWidth":false,"autoHeight":false,"fitMode":"stretch","useInput":false,"batchGroupId":null,"mask":false,"layers":[4],"enableMarkup":false}}},"80e3391d-4c53-4956-9440-372855079627":{"name":"RBell","tags":[],"enabled":true,"resource_id":"80e3391d-4c53-4956-9440-372855079627","parent":"4a5d316b-7653-4505-b82f-693edb49b6a2","children":[],"position":[281,280,0],"rotation":[0,0,0],"scale":[1,1,1],"components":{"element":{"enabled":true,"type":"image","anchor":[0.5,0.5,0.5,0.5],"pivot":[0.5,0.5],"text":"","key":null,"fontAsset":95484367,"fontSize":32,"minFontSize":8,"maxFontSize":32,"autoFitWidth":false,"autoFitHeight":false,"maxLines":null,"lineHeight":32,"wrapLines":true,"spacing":1,"color":[1,1,1],"opacity":1,"textureAsset":103437966,"spriteAsset":null,"spriteFrame":0,"pixelsPerUnit":null,"width":136,"height":110,"margin":[213,225,-349,-335],"alignment":[0.5,0.5],"outlineColor":[0,0,0,1],"outlineThickness":0,"shadowColor":[0,0,0,1],"shadowOffset":[0,0],"rect":[0,0,1,1],"materialAsset":null,"autoWidth":false,"autoHeight":false,"fitMode":"stretch","useInput":false,"batchGroupId":null,"mask":false,"layers":[4],"enableMarkup":false}}},"3d2631fa-a332-4c94-85d0-9e6aed3a924a":{"name":"GameController","tags":[],"enabled":true,"resource_id":"3d2631fa-a332-4c94-85d0-9e6aed3a924a","parent":"6a132463-4065-4029-8123-50daf0892779","children":[],"position":[0,0,0],"rotation":[0,0,0],"scale":[1,1,1],"components":{"script":{"enabled":true,"order":["gameController"],"scripts":{"gameController":{"enabled":true,"attributes":{}}}}}},"d83c1c56-1349-4036-806f-bbb897f2a8e8":{"name":"OddButton","tags":[],"enabled":true,"resource_id":"d83c1c56-1349-4036-806f-bbb897f2a8e8","parent":"480c18f6-d3b8-478a-b573-4889b0154e56","children":["7d8c6765-88b3-4ee3-a314-4755bfdb41a8"],"position":[-295,0,0],"rotation":[0,0,0],"scale":[1,1,1],"components":{"button":{"enabled":true,"active":true,"imageEntity":"d83c1c56-1349-4036-806f-bbb897f2a8e8","hitPadding":[0,0,0,0],"transitionMode":0,"hoverTint":[1,1,1,1],"pressedTint":[1,1,1,1],"inactiveTint":[1,1,1,1],"fadeDuration":0,"hoverSpriteAsset":null,"hoverSpriteFrame":0,"pressedSpriteAsset":null,"pressedSpriteFrame":0,"inactiveSpriteAsset":null,"inactiveSpriteFrame":0,"hoverTextureAsset":null,"pressedTextureAsset":null,"inactiveTextureAsset":null},"element":{"enabled":true,"type":"image","anchor":[0.5,0.5,0.5,0.5],"pivot":[0.5,0.5],"text":"","key":null,"fontAsset":95484367,"fontSize":32,"minFontSize":8,"maxFontSize":32,"autoFitWidth":false,"autoFitHeight":false,"maxLines":null,"lineHeight":32,"wrapLines":true,"spacing":1,"color":[1,1,1],"opacity":1,"textureAsset":103437240,"spriteAsset":null,"spriteFrame":0,"pixelsPerUnit":null,"width":244,"height":178,"margin":[-417,-89,173,-89],"alignment":[0.5,0.5],"outlineColor":[0,0,0,1],"outlineThickness":0,"shadowColor":[0,0,0,1],"shadowOffset":[0,0],"rect":[0,0,1,1],"materialAsset":null,"autoWidth":false,"autoHeight":false,"fitMode":"contain","useInput":true,"batchGroupId":null,"mask":false,"layers":[4],"enableMarkup":false}}},"7d8c6765-88b3-4ee3-a314-4755bfdb41a8":{"name":"Text","tags":[],"enabled":true,"resource_id":"7d8c6765-88b3-4ee3-a314-4755bfdb41a8","parent":"d83c1c56-1349-4036-806f-bbb897f2a8e8","children":[],"position":[0,0,0],"rotation":[0,0,0],"scale":[1,1,1],"components":{"element":{"enabled":true,"type":"text","anchor":[0.5,0.5,0.5,0.5],"pivot":[0.5,0.5],"text":"ODD","key":null,"fontAsset":95484367,"fontSize":45,"minFontSize":8,"maxFontSize":150,"autoFitWidth":false,"autoFitHeight":false,"maxLines":null,"lineHeight":45,"wrapLines":true,"spacing":1,"color":[1,1,1],"opacity":1,"textureAsset":null,"spriteAsset":null,"spriteFrame":0,"pixelsPerUnit":null,"width":69.888,"height":35.968,"margin":[-34.944,-17.984,-34.944,-17.984],"alignment":[0.5,0.5],"outlineColor":[0,0,0,1],"outlineThickness":0.4,"shadowColor":[0,0,0,1],"shadowOffset":[0,0],"rect":[0,0,1,1],"materialAsset":null,"autoWidth":true,"autoHeight":true,"fitMode":"stretch","useInput":false,"batchGroupId":null,"mask":false,"layers":[4],"enableMarkup":false}}},"fdbe9c2d-a8cc-4613-a7bf-b40922ae086f":{"name":"EvenButton","tags":[],"enabled":true,"resource_id":"fdbe9c2d-a8cc-4613-a7bf-b40922ae086f","parent":"480c18f6-d3b8-478a-b573-4889b0154e56","children":["f891ee8e-9cb3-45bc-8bd8-73b8172e942e"],"position":[295,0,0],"rotation":[0,0,0],"scale":[1,1,1],"components":{"button":{"enabled":true,"active":true,"imageEntity":"fdbe9c2d-a8cc-4613-a7bf-b40922ae086f","hitPadding":[0,0,0,0],"transitionMode":0,"hoverTint":[1,1,1,1],"pressedTint":[1,1,1,1],"inactiveTint":[1,1,1,1],"fadeDuration":0,"hoverSpriteAsset":null,"hoverSpriteFrame":0,"pressedSpriteAsset":null,"pressedSpriteFrame":0,"inactiveSpriteAsset":null,"inactiveSpriteFrame":0,"hoverTextureAsset":null,"pressedTextureAsset":null,"inactiveTextureAsset":null},"element":{"enabled":true,"type":"image","anchor":[0.5,0.5,0.5,0.5],"pivot":[0.5,0.5],"text":"","key":null,"fontAsset":95484367,"fontSize":32,"minFontSize":8,"maxFontSize":32,"autoFitWidth":false,"autoFitHeight":false,"maxLines":null,"lineHeight":32,"wrapLines":true,"spacing":1,"color":[1,1,1],"opacity":1,"textureAsset":103437239,"spriteAsset":null,"spriteFrame":0,"pixelsPerUnit":null,"width":244,"height":178,"margin":[173,-89,-417,-89],"alignment":[0.5,0.5],"outlineColor":[0,0,0,1],"outlineThickness":0,"shadowColor":[0,0,0,1],"shadowOffset":[0,0],"rect":[0,0,1,1],"materialAsset":null,"autoWidth":false,"autoHeight":false,"fitMode":"contain","useInput":true,"batchGroupId":null,"mask":false,"layers":[4],"enableMarkup":false}}},"f891ee8e-9cb3-45bc-8bd8-73b8172e942e":{"name":"Text","tags":[],"enabled":true,"resource_id":"f891ee8e-9cb3-45bc-8bd8-73b8172e942e","parent":"fdbe9c2d-a8cc-4613-a7bf-b40922ae086f","children":[],"position":[0,0,0],"rotation":[0,0,0],"scale":[1,1,1],"components":{"element":{"enabled":true,"type":"text","anchor":[0.5,0.5,0.5,0.5],"pivot":[0.5,0.5],"text":"EVEN","key":null,"fontAsset":95484367,"fontSize":45,"minFontSize":8,"maxFontSize":150,"autoFitWidth":false,"autoFitHeight":false,"maxLines":null,"lineHeight":45,"wrapLines":true,"spacing":1,"color":[1,1,1],"opacity":1,"textureAsset":null,"spriteAsset":null,"spriteFrame":0,"pixelsPerUnit":null,"width":89.376,"height":35.968,"margin":[-44.688,-17.984,-44.688,-17.984],"alignment":[0.5,0.5],"outlineColor":[0,0,0,1],"outlineThickness":0.4,"shadowColor":[0,0,0,1],"shadowOffset":[0,0],"rect":[0,0,1,1],"materialAsset":null,"autoWidth":true,"autoHeight":true,"fitMode":"stretch","useInput":false,"batchGroupId":null,"mask":false,"layers":[4],"enableMarkup":false}}},"5665afa5-5303-4c36-90aa-082859636427":{"name":"Win","tags":[],"enabled":true,"resource_id":"5665afa5-5303-4c36-90aa-082859636427","parent":"4a5d316b-7653-4505-b82f-693edb49b6a2","children":["1844b778-6764-46e5-b3dd-d0f182761b4f","408ea63d-61d1-46e5-a3bc-7c020d2e654e"],"position":[0,600,0],"rotation":[0,0,0],"scale":[1,1,1],"components":{"element":{"enabled":true,"type":"image","anchor":[0.5,0.5,0.5,0.5],"pivot":[0.5,0.5],"text":"","key":null,"fontAsset":95484367,"fontSize":32,"minFontSize":8,"maxFontSize":32,"autoFitWidth":false,"autoFitHeight":false,"maxLines":null,"lineHeight":32,"wrapLines":true,"spacing":1,"color":[0,0,0],"opacity":0.7,"textureAsset":null,"spriteAsset":null,"spriteFrame":0,"pixelsPerUnit":null,"width":1000,"height":400,"margin":[-500,400,-500,-800],"alignment":[0.5,0.5],"outlineColor":[0,0,0,1],"outlineThickness":0,"shadowColor":[0,0,0,1],"shadowOffset":[0,0],"rect":[0,0,1,1],"materialAsset":null,"autoWidth":false,"autoHeight":false,"fitMode":"stretch","useInput":false,"batchGroupId":null,"mask":false,"layers":[4],"enableMarkup":false}}},"1844b778-6764-46e5-b3dd-d0f182761b4f":{"name":"Text","tags":[],"enabled":true,"resource_id":"1844b778-6764-46e5-b3dd-d0f182761b4f","parent":"5665afa5-5303-4c36-90aa-082859636427","children":[],"position":[0,6,0],"rotation":[0,0,0],"scale":[1,1,1],"components":{"element":{"enabled":true,"type":"text","anchor":[0.5,0.5,0.5,0.5],"pivot":[0.5,0.5],"text":"WIN","key":null,"fontAsset":95484367,"fontSize":240,"minFontSize":8,"maxFontSize":150,"autoFitWidth":true,"autoFitHeight":true,"maxLines":null,"lineHeight":240,"wrapLines":true,"spacing":1,"color":[1,1,1],"opacity":1,"textureAsset":null,"spriteAsset":null,"spriteFrame":0,"pixelsPerUnit":null,"width":16.256,"height":269.76,"margin":[-243.84,-128.88,-243.84,-140.88],"alignment":[0.5,0.5],"outlineColor":[0,0,0,1],"outlineThickness":0.4,"shadowColor":[0,0,0,1],"shadowOffset":[0,0],"rect":[0,0,1,1],"materialAsset":null,"autoWidth":false,"autoHeight":false,"fitMode":"stretch","useInput":false,"batchGroupId":null,"mask":false,"layers":[4],"enableMarkup":false}}},"8d022bf0-009d-4913-9cba-07b973de155d":{"name":"Lose","tags":[],"enabled":true,"resource_id":"8d022bf0-009d-4913-9cba-07b973de155d","parent":"4a5d316b-7653-4505-b82f-693edb49b6a2","children":["1c5dc611-37cb-4f8d-ace2-0a2f1943f6cb"],"position":[0,600,0],"rotation":[0,0,0],"scale":[1,1,1],"components":{"element":{"enabled":true,"type":"image","anchor":[0.5,0.5,0.5,0.5],"pivot":[0.5,0.5],"text":"","key":null,"fontAsset":95484367,"fontSize":32,"minFontSize":8,"maxFontSize":32,"autoFitWidth":false,"autoFitHeight":false,"maxLines":null,"lineHeight":32,"wrapLines":true,"spacing":1,"color":[0,0,0],"opacity":0.7,"textureAsset":null,"spriteAsset":null,"spriteFrame":0,"pixelsPerUnit":null,"width":1000,"height":400,"margin":[-500,400,-500,-800],"alignment":[0.5,0.5],"outlineColor":[0,0,0,1],"outlineThickness":0,"shadowColor":[0,0,0,1],"shadowOffset":[0,0],"rect":[0,0,1,1],"materialAsset":null,"autoWidth":false,"autoHeight":false,"fitMode":"stretch","useInput":false,"batchGroupId":null,"mask":false,"layers":[4],"enableMarkup":false}}},"1c5dc611-37cb-4f8d-ace2-0a2f1943f6cb":{"name":"Text","tags":[],"enabled":true,"resource_id":"1c5dc611-37cb-4f8d-ace2-0a2f1943f6cb","parent":"8d022bf0-009d-4913-9cba-07b973de155d","children":[],"position":[0,0,0],"rotation":[0,0,0],"scale":[1,1,1],"components":{"element":{"enabled":true,"type":"text","anchor":[0.5,0.5,0.5,0.5],"pivot":[0.5,0.5],"text":"Lose","key":null,"fontAsset":95484367,"fontSize":240,"minFontSize":8,"maxFontSize":150,"autoFitWidth":false,"autoFitHeight":false,"maxLines":null,"lineHeight":240,"wrapLines":true,"spacing":1,"color":[1,1,1],"opacity":1,"textureAsset":null,"spriteAsset":null,"spriteFrame":0,"pixelsPerUnit":null,"width":19.416,"height":269.76,"margin":[-291.24,-134.88,-291.24,-134.88],"alignment":[0.5,0.5],"outlineColor":[0,0,0,1],"outlineThickness":0.4,"shadowColor":[0,0,0,1],"shadowOffset":[0,0],"rect":[0,0,1,1],"materialAsset":null,"autoWidth":true,"autoHeight":true,"fitMode":"stretch","useInput":false,"batchGroupId":null,"mask":false,"layers":[4],"enableMarkup":false}}},"1b0059ce-7c72-4a34-aef1-b2b0d6cd2136":{"name":"AudioController","tags":[],"enabled":true,"resource_id":"1b0059ce-7c72-4a34-aef1-b2b0d6cd2136","parent":"6a132463-4065-4029-8123-50daf0892779","children":["3d33c7cd-5e8a-443c-9f9a-bc369f15aafc","81a10236-090f-4364-b5ad-8e296a5eb78e"],"position":[0,0,0],"rotation":[0,0,0],"scale":[1,1,1],"components":{"script":{"enabled":true,"order":["audioController"],"scripts":{"audioController":{"enabled":true,"attributes":{"soundSource":"81a10236-090f-4364-b5ad-8e296a5eb78e"}}}}}},"3d33c7cd-5e8a-443c-9f9a-bc369f15aafc":{"name":"Audio Listener","tags":[],"enabled":true,"resource_id":"3d33c7cd-5e8a-443c-9f9a-bc369f15aafc","parent":"1b0059ce-7c72-4a34-aef1-b2b0d6cd2136","children":[],"position":[0,0,0],"rotation":[0,0,0],"scale":[1,1,1],"components":{"audiolistener":{"enabled":true}}},"81a10236-090f-4364-b5ad-8e296a5eb78e":{"name":"Sound","tags":[],"enabled":true,"resource_id":"81a10236-090f-4364-b5ad-8e296a5eb78e","parent":"1b0059ce-7c72-4a34-aef1-b2b0d6cd2136","children":[],"position":[0,0,0],"rotation":[0,0,0],"scale":[1,1,1],"components":{"sound":{"enabled":true,"volume":1,"pitch":1,"positional":true,"refDistance":1,"maxDistance":10000,"rollOffFactor":1,"distanceModel":"linear","slots":{"2":{"name":"Click","loop":false,"autoPlay":false,"overlap":false,"asset":98639622,"startTime":0,"duration":null,"volume":1,"pitch":1},"3":{"name":"Lose","loop":false,"autoPlay":false,"overlap":false,"asset":98636440,"startTime":0,"duration":null,"volume":1,"pitch":1},"4":{"name":"Open","loop":false,"autoPlay":false,"overlap":false,"asset":98636439,"startTime":0,"duration":null,"volume":1,"pitch":1},"5":{"name":"Win","loop":false,"autoPlay":false,"overlap":false,"asset":98636438,"startTime":0,"duration":null,"volume":1,"pitch":1}}}}},"cf778ab4-4cd6-4c44-a880-8eca997d8fcc":{"name":"SoundButton","tags":[],"enabled":true,"resource_id":"cf778ab4-4cd6-4c44-a880-8eca997d8fcc","parent":"a019517d-368f-4ce7-87bb-e99894bcc1e2","children":["50ad00e6-271c-4756-b28d-11e6b1ef52eb"],"position":[20,-20,0],"rotation":[0,0,0],"scale":[1,1,1],"components":{"element":{"enabled":true,"type":"group","anchor":[0,1,0,1],"pivot":[0,1],"text":"","key":null,"fontAsset":null,"fontSize":32,"minFontSize":8,"maxFontSize":32,"autoFitWidth":false,"autoFitHeight":false,"maxLines":null,"lineHeight":32,"wrapLines":true,"spacing":1,"color":[1,1,1],"opacity":1,"textureAsset":null,"spriteAsset":null,"spriteFrame":0,"pixelsPerUnit":null,"width":120,"height":120,"margin":[20,-140,-140,20],"alignment":[0.5,0.5],"outlineColor":[0,0,0,1],"outlineThickness":0,"shadowColor":[0,0,0,1],"shadowOffset":[0,0],"rect":[0,0,1,1],"materialAsset":null,"autoWidth":false,"autoHeight":false,"fitMode":"stretch","useInput":false,"batchGroupId":null,"mask":false,"layers":[4],"enableMarkup":false}}},"50ad00e6-271c-4756-b28d-11e6b1ef52eb":{"name":"Button","tags":[],"enabled":true,"resource_id":"50ad00e6-271c-4756-b28d-11e6b1ef52eb","parent":"cf778ab4-4cd6-4c44-a880-8eca997d8fcc","children":["1a0f0002-34e5-4b79-ae4f-98f3b59e4b58","2753f9e8-255b-4725-84a2-16795c7174e6"],"position":[0,0,0],"rotation":[0,0,0],"scale":[1,1,1],"components":{"button":{"enabled":true,"active":true,"imageEntity":"50ad00e6-271c-4756-b28d-11e6b1ef52eb","hitPadding":[0,0,0,0],"transitionMode":0,"hoverTint":[1,1,1,1],"pressedTint":[1,1,1,1],"inactiveTint":[1,1,1,1],"fadeDuration":0,"hoverSpriteAsset":null,"hoverSpriteFrame":0,"pressedSpriteAsset":null,"pressedSpriteFrame":0,"inactiveSpriteAsset":null,"inactiveSpriteFrame":0,"hoverTextureAsset":null,"pressedTextureAsset":null,"inactiveTextureAsset":null},"element":{"enabled":true,"type":"image","anchor":[0.5,0.5,0.5,0.5],"pivot":[0.5,0.5],"text":"","key":null,"fontAsset":null,"fontSize":32,"minFontSize":8,"maxFontSize":32,"autoFitWidth":false,"autoFitHeight":false,"maxLines":null,"lineHeight":32,"wrapLines":true,"spacing":1,"color":[1,1,1],"opacity":1,"textureAsset":98261331,"spriteAsset":null,"spriteFrame":0,"pixelsPerUnit":null,"width":120,"height":120,"margin":[-60,-60,-60,-60],"alignment":[0.5,0.5],"outlineColor":[0,0,0,1],"outlineThickness":0,"shadowColor":[0,0,0,1],"shadowOffset":[0,0],"rect":[0,0,1,1],"materialAsset":null,"autoWidth":false,"autoHeight":false,"fitMode":"stretch","useInput":true,"batchGroupId":null,"mask":false,"layers":[4],"enableMarkup":false},"script":{"enabled":true,"order":["soundButton"],"scripts":{"soundButton":{"enabled":true,"attributes":{"onImg":"1a0f0002-34e5-4b79-ae4f-98f3b59e4b58","offImg":"2753f9e8-255b-4725-84a2-16795c7174e6"}}}}}},"1a0f0002-34e5-4b79-ae4f-98f3b59e4b58":{"name":"On","tags":[],"enabled":false,"resource_id":"1a0f0002-34e5-4b79-ae4f-98f3b59e4b58","parent":"50ad00e6-271c-4756-b28d-11e6b1ef52eb","children":[],"position":[0,0,0],"rotation":[0,0,0],"scale":[1,1,1],"components":{"element":{"enabled":true,"type":"image","anchor":[0.5,0.5,0.5,0.5],"pivot":[0.5,0.5],"text":"","key":null,"fontAsset":null,"fontSize":32,"minFontSize":8,"maxFontSize":32,"autoFitWidth":false,"autoFitHeight":false,"maxLines":null,"lineHeight":32,"wrapLines":true,"spacing":1,"color":[1,1,1],"opacity":1,"textureAsset":98261333,"spriteAsset":null,"spriteFrame":0,"pixelsPerUnit":null,"width":105,"height":60,"margin":[-52.5,-30,-52.5,-30],"alignment":[0.5,0.5],"outlineColor":[0,0,0,1],"outlineThickness":0,"shadowColor":[0,0,0,1],"shadowOffset":[0,0],"rect":[0,0,1,1],"materialAsset":null,"autoWidth":false,"autoHeight":false,"fitMode":"stretch","useInput":false,"batchGroupId":null,"mask":false,"layers":[4],"enableMarkup":false}}},"2753f9e8-255b-4725-84a2-16795c7174e6":{"name":"Off","tags":[],"enabled":true,"resource_id":"2753f9e8-255b-4725-84a2-16795c7174e6","parent":"50ad00e6-271c-4756-b28d-11e6b1ef52eb","children":[],"position":[0,0,0],"rotation":[0,0,0],"scale":[1,1,1],"components":{"element":{"enabled":true,"type":"image","anchor":[0.5,0.5,0.5,0.5],"pivot":[0.5,0.5],"text":"","key":null,"fontAsset":null,"fontSize":32,"minFontSize":8,"maxFontSize":32,"autoFitWidth":false,"autoFitHeight":false,"maxLines":null,"lineHeight":32,"wrapLines":true,"spacing":1,"color":[1,1,1],"opacity":1,"textureAsset":98261332,"spriteAsset":null,"spriteFrame":0,"pixelsPerUnit":null,"width":105,"height":60,"margin":[-52.5,-30,-52.5,-30],"alignment":[0.5,0.5],"outlineColor":[0,0,0,1],"outlineThickness":0,"shadowColor":[0,0,0,1],"shadowOffset":[0,0],"rect":[0,0,1,1],"materialAsset":null,"autoWidth":false,"autoHeight":false,"fitMode":"stretch","useInput":false,"batchGroupId":null,"mask":false,"layers":[4],"enableMarkup":false}}},"85b17c53-513d-4bfa-871d-1e0e273b8786":{"name":"BetController","tags":[],"enabled":true,"resource_id":"85b17c53-513d-4bfa-871d-1e0e273b8786","parent":"6e2e0ad6-b7b0-497c-a2d6-83174b42bb9d","children":["5a034e63-1b15-486b-96fc-2b2e2847420a"],"position":[0,-19.73021331676921,0],"rotation":[0,0,0],"scale":[1,1,1],"components":{"element":{"enabled":true,"type":"group","anchor":[0.5,0.5,0.5,0.5],"pivot":[0.5,0.5],"text":"","key":null,"fontAsset":null,"fontSize":32,"minFontSize":8,"maxFontSize":32,"autoFitWidth":false,"autoFitHeight":false,"maxLines":null,"lineHeight":32,"wrapLines":true,"spacing":1,"color":[1,1,1],"opacity":1,"textureAsset":null,"spriteAsset":null,"spriteFrame":0,"pixelsPerUnit":null,"width":1000,"height":360,"margin":[-500,-199.73,-500,-160.27],"alignment":[0.5,0.5],"outlineColor":[0,0,0,1],"outlineThickness":0,"shadowColor":[0,0,0,1],"shadowOffset":[0,0],"rect":[0,0,1,1],"materialAsset":null,"autoWidth":false,"autoHeight":false,"fitMode":"stretch","useInput":false,"batchGroupId":null,"mask":false,"layers":[4],"enableMarkup":false},"script":{"enabled":true,"order":["betController"],"scripts":{"betController":{"enabled":true,"attributes":{"betButton":["1cf8d121-4dba-4338-8004-c37c5648d1ac","85736018-f6da-4142-b0da-753be93796e0","0f9874ca-b06b-4b03-a7fa-e8cc04692bde","bcc50a6f-cef3-482d-a5cc-d0910b4fb2a0","cf2a2801-e64c-471c-9c01-8b87b2550734","88edaf23-57fb-4d4c-8499-37b285e47892"],"okButton":"e905deb6-b6db-4c52-acbf-f678b6491e58","cancelButton":"d24500da-4b2a-4d7c-9215-53b4fb6bd76e"}}}}}},"5a034e63-1b15-486b-96fc-2b2e2847420a":{"name":"BackGround","tags":[],"enabled":false,"resource_id":"5a034e63-1b15-486b-96fc-2b2e2847420a","parent":"85b17c53-513d-4bfa-871d-1e0e273b8786","children":["1cf8d121-4dba-4338-8004-c37c5648d1ac","85736018-f6da-4142-b0da-753be93796e0","0f9874ca-b06b-4b03-a7fa-e8cc04692bde","bcc50a6f-cef3-482d-a5cc-d0910b4fb2a0","cf2a2801-e64c-471c-9c01-8b87b2550734","88edaf23-57fb-4d4c-8499-37b285e47892","d24500da-4b2a-4d7c-9215-53b4fb6bd76e","e905deb6-b6db-4c52-acbf-f678b6491e58"],"position":[0,0,0],"rotation":[0,0,0],"scale":[1,1,1],"components":{"element":{"enabled":true,"type":"image","anchor":[0.5,0.5,0.5,0.5],"pivot":[0.5,0.5],"text":"","key":null,"fontAsset":null,"fontSize":32,"minFontSize":8,"maxFontSize":32,"autoFitWidth":false,"autoFitHeight":false,"maxLines":null,"lineHeight":32,"wrapLines":true,"spacing":1,"color":[0.16470588235294117,0.16470588235294117,0.16470588235294117],"opacity":0.367,"textureAsset":null,"spriteAsset":null,"spriteFrame":0,"pixelsPerUnit":null,"width":1000,"height":360,"margin":[-500,-180,-500,-180],"alignment":[0.5,0.5],"outlineColor":[0,0,0,1],"outlineThickness":0,"shadowColor":[0,0,0,1],"shadowOffset":[0,0],"rect":[0,0,1,1],"materialAsset":null,"autoWidth":false,"autoHeight":false,"fitMode":"stretch","useInput":false,"batchGroupId":null,"mask":false,"layers":[4],"enableMarkup":false}}},"1cf8d121-4dba-4338-8004-c37c5648d1ac":{"name":"Button","tags":[],"enabled":true,"resource_id":"1cf8d121-4dba-4338-8004-c37c5648d1ac","parent":"5a034e63-1b15-486b-96fc-2b2e2847420a","children":["8b15b958-beb8-43ea-b8f6-5fb59cc50677"],"position":[-320,120,0],"rotation":[0,0,0],"scale":[1,1,1],"components":{"button":{"enabled":true,"active":true,"imageEntity":"1cf8d121-4dba-4338-8004-c37c5648d1ac","hitPadding":[0,0,0,0],"transitionMode":0,"hoverTint":[0.8470588235294118,0.8352941176470589,0.8352941176470589,1],"pressedTint":[0.8470588235294118,0.8352941176470589,0.8352941176470589,1],"inactiveTint":[0.8470588235294118,0.8352941176470589,0.8352941176470589,1],"fadeDuration":0,"hoverSpriteAsset":null,"hoverSpriteFrame":0,"pressedSpriteAsset":null,"pressedSpriteFrame":0,"inactiveSpriteAsset":null,"inactiveSpriteFrame":0,"hoverTextureAsset":null,"pressedTextureAsset":null,"inactiveTextureAsset":null},"element":{"enabled":true,"type":"image","anchor":[0.5,0.5,0.5,0.5],"pivot":[0.5,0.5],"text":"","key":null,"fontAsset":null,"fontSize":32,"minFontSize":8,"maxFontSize":32,"autoFitWidth":false,"autoFitHeight":false,"maxLines":null,"lineHeight":32,"wrapLines":true,"spacing":1,"color":[0.5019607843137255,0.5019607843137255,0.5019607843137255],"opacity":1,"textureAsset":98261330,"spriteAsset":null,"spriteFrame":0,"pixelsPerUnit":null,"width":280,"height":100,"margin":[-460,70,180,-170],"alignment":[0.5,0.5],"outlineColor":[0,0,0,1],"outlineThickness":0,"shadowColor":[0,0,0,1],"shadowOffset":[0,0],"rect":[0,0,1,1],"materialAsset":null,"autoWidth":false,"autoHeight":false,"fitMode":"stretch","useInput":true,"batchGroupId":null,"mask":false,"layers":[4],"enableMarkup":false},"script":{"enabled":true,"order":["numButton"],"scripts":{"numButton":{"enabled":true,"attributes":{"betAmount":100}}}}}},"8b15b958-beb8-43ea-b8f6-5fb59cc50677":{"name":"Text","tags":[],"enabled":true,"resource_id":"8b15b958-beb8-43ea-b8f6-5fb59cc50677","parent":"1cf8d121-4dba-4338-8004-c37c5648d1ac","children":[],"position":[0,0,0],"rotation":[0,0,0],"scale":[1,1,1],"components":{"element":{"enabled":true,"type":"text","anchor":[0,0,1,1],"pivot":[0.5,0.5],"text":"Text","key":null,"fontAsset":95484367,"fontSize":32,"minFontSize":8,"maxFontSize":64,"autoFitWidth":true,"autoFitHeight":true,"maxLines":null,"lineHeight":64,"wrapLines":true,"spacing":1,"color":[0,0,0],"opacity":1,"textureAsset":null,"spriteAsset":null,"spriteFrame":0,"pixelsPerUnit":null,"width":32,"height":32,"margin":[0,0,0,0],"alignment":[0.5,0.5],"outlineColor":[0,0,0,1],"outlineThickness":0,"shadowColor":[0,0,0,1],"shadowOffset":[0,0],"rect":[0,0,1,1],"materialAsset":null,"autoWidth":false,"autoHeight":false,"fitMode":"stretch","useInput":false,"batchGroupId":null,"mask":false,"layers":[4],"enableMarkup":false}}},"85736018-f6da-4142-b0da-753be93796e0":{"name":"Button","tags":[],"enabled":true,"resource_id":"85736018-f6da-4142-b0da-753be93796e0","parent":"5a034e63-1b15-486b-96fc-2b2e2847420a","children":["eafbf68e-a08d-439e-9c08-e1f0c393b867"],"position":[0,120,0],"rotation":[0,0,0],"scale":[1,1,1],"components":{"button":{"enabled":true,"active":true,"imageEntity":"85736018-f6da-4142-b0da-753be93796e0","hitPadding":[0,0,0,0],"transitionMode":0,"hoverTint":[0.8470588235294118,0.8352941176470589,0.8352941176470589,1],"pressedTint":[0.8470588235294118,0.8352941176470589,0.8352941176470589,1],"inactiveTint":[0.8470588235294118,0.8352941176470589,0.8352941176470589,1],"fadeDuration":0,"hoverSpriteAsset":null,"hoverSpriteFrame":0,"pressedSpriteAsset":null,"pressedSpriteFrame":0,"inactiveSpriteAsset":null,"inactiveSpriteFrame":0,"hoverTextureAsset":null,"pressedTextureAsset":null,"inactiveTextureAsset":null},"element":{"enabled":true,"type":"image","anchor":[0.5,0.5,0.5,0.5],"pivot":[0.5,0.5],"text":"","key":null,"fontAsset":null,"fontSize":32,"minFontSize":8,"maxFontSize":32,"autoFitWidth":false,"autoFitHeight":false,"maxLines":null,"lineHeight":32,"wrapLines":true,"spacing":1,"color":[0.5019607843137255,0.5019607843137255,0.5019607843137255],"opacity":1,"textureAsset":98261330,"spriteAsset":null,"spriteFrame":0,"pixelsPerUnit":null,"width":280,"height":100,"margin":[-140,70,-140,-170],"alignment":[0.5,0.5],"outlineColor":[0,0,0,1],"outlineThickness":0,"shadowColor":[0,0,0,1],"shadowOffset":[0,0],"rect":[0,0,1,1],"materialAsset":null,"autoWidth":false,"autoHeight":false,"fitMode":"stretch","useInput":true,"batchGroupId":null,"mask":false,"layers":[4],"enableMarkup":false},"script":{"enabled":true,"order":["numButton"],"scripts":{"numButton":{"enabled":true,"attributes":{"betAmount":200}}}}}},"eafbf68e-a08d-439e-9c08-e1f0c393b867":{"name":"Text","tags":[],"enabled":true,"resource_id":"eafbf68e-a08d-439e-9c08-e1f0c393b867","parent":"85736018-f6da-4142-b0da-753be93796e0","children":[],"position":[59.999999999999986,30,0],"rotation":[0,0,0],"scale":[1,1,1],"components":{"element":{"enabled":true,"type":"text","anchor":[0,0,1,1],"pivot":[0.5,0.5],"text":"Text","key":null,"fontAsset":95484367,"fontSize":32,"minFontSize":8,"maxFontSize":64,"autoFitWidth":true,"autoFitHeight":true,"maxLines":null,"lineHeight":64,"wrapLines":true,"spacing":1,"color":[0,0,0],"opacity":1,"textureAsset":null,"spriteAsset":null,"spriteFrame":0,"pixelsPerUnit":null,"width":32,"height":32,"margin":[0,0,0,0],"alignment":[0.5,0.5],"outlineColor":[0,0,0,1],"outlineThickness":0,"shadowColor":[0,0,0,1],"shadowOffset":[0,0],"rect":[0,0,1,1],"materialAsset":null,"autoWidth":false,"autoHeight":false,"fitMode":"stretch","useInput":false,"batchGroupId":null,"mask":false,"layers":[4],"enableMarkup":false}}},"0f9874ca-b06b-4b03-a7fa-e8cc04692bde":{"name":"Button","tags":[],"enabled":true,"resource_id":"0f9874ca-b06b-4b03-a7fa-e8cc04692bde","parent":"5a034e63-1b15-486b-96fc-2b2e2847420a","children":["c5508cc8-5056-422d-b761-052b3a319b99"],"position":[320,120,0],"rotation":[0,0,0],"scale":[1,1,1],"components":{"button":{"enabled":true,"active":true,"imageEntity":"0f9874ca-b06b-4b03-a7fa-e8cc04692bde","hitPadding":[0,0,0,0],"transitionMode":0,"hoverTint":[0.8470588235294118,0.8352941176470589,0.8352941176470589,1],"pressedTint":[0.8470588235294118,0.8352941176470589,0.8352941176470589,1],"inactiveTint":[0.8470588235294118,0.8352941176470589,0.8352941176470589,1],"fadeDuration":0,"hoverSpriteAsset":null,"hoverSpriteFrame":0,"pressedSpriteAsset":null,"pressedSpriteFrame":0,"inactiveSpriteAsset":null,"inactiveSpriteFrame":0,"hoverTextureAsset":null,"pressedTextureAsset":null,"inactiveTextureAsset":null},"element":{"enabled":true,"type":"image","anchor":[0.5,0.5,0.5,0.5],"pivot":[0.5,0.5],"text":"","key":null,"fontAsset":null,"fontSize":32,"minFontSize":8,"maxFontSize":32,"autoFitWidth":false,"autoFitHeight":false,"maxLines":null,"lineHeight":32,"wrapLines":true,"spacing":1,"color":[0.5019607843137255,0.5019607843137255,0.5019607843137255],"opacity":1,"textureAsset":98261330,"spriteAsset":null,"spriteFrame":0,"pixelsPerUnit":null,"width":280,"height":100,"margin":[180,70,-460,-170],"alignment":[0.5,0.5],"outlineColor":[0,0,0,1],"outlineThickness":0,"shadowColor":[0,0,0,1],"shadowOffset":[0,0],"rect":[0,0,1,1],"materialAsset":null,"autoWidth":false,"autoHeight":false,"fitMode":"stretch","useInput":true,"batchGroupId":null,"mask":false,"layers":[4],"enableMarkup":false},"script":{"enabled":true,"order":["numButton"],"scripts":{"numButton":{"enabled":true,"attributes":{"betAmount":400}}}}}},"c5508cc8-5056-422d-b761-052b3a319b99":{"name":"Text","tags":[],"enabled":true,"resource_id":"c5508cc8-5056-422d-b761-052b3a319b99","parent":"0f9874ca-b06b-4b03-a7fa-e8cc04692bde","children":[],"position":[0,0,0],"rotation":[0,0,0],"scale":[1,1,1],"components":{"element":{"enabled":true,"type":"text","anchor":[0,0,1,1],"pivot":[0.5,0.5],"text":"Text","key":null,"fontAsset":95484367,"fontSize":32,"minFontSize":8,"maxFontSize":64,"autoFitWidth":true,"autoFitHeight":true,"maxLines":null,"lineHeight":64,"wrapLines":true,"spacing":1,"color":[0,0,0],"opacity":1,"textureAsset":null,"spriteAsset":null,"spriteFrame":0,"pixelsPerUnit":null,"width":32,"height":32,"margin":[0,0,0,0],"alignment":[0.5,0.5],"outlineColor":[0,0,0,1],"outlineThickness":0,"shadowColor":[0,0,0,1],"shadowOffset":[0,0],"rect":[0,0,1,1],"materialAsset":null,"autoWidth":false,"autoHeight":false,"fitMode":"stretch","useInput":false,"batchGroupId":null,"mask":false,"layers":[4],"enableMarkup":false}}},"bcc50a6f-cef3-482d-a5cc-d0910b4fb2a0":{"name":"Button","tags":[],"enabled":true,"resource_id":"bcc50a6f-cef3-482d-a5cc-d0910b4fb2a0","parent":"5a034e63-1b15-486b-96fc-2b2e2847420a","children":["ed28c1c6-0d61-4b0d-addc-2cf6d7adec8c"],"position":[-320,0,0],"rotation":[0,0,0],"scale":[1,1,1],"components":{"button":{"enabled":true,"active":true,"imageEntity":"bcc50a6f-cef3-482d-a5cc-d0910b4fb2a0","hitPadding":[0,0,0,0],"transitionMode":0,"hoverTint":[0.8470588235294118,0.8352941176470589,0.8352941176470589,1],"pressedTint":[0.8470588235294118,0.8352941176470589,0.8352941176470589,1],"inactiveTint":[0.8470588235294118,0.8352941176470589,0.8352941176470589,1],"fadeDuration":0,"hoverSpriteAsset":null,"hoverSpriteFrame":0,"pressedSpriteAsset":null,"pressedSpriteFrame":0,"inactiveSpriteAsset":null,"inactiveSpriteFrame":0,"hoverTextureAsset":null,"pressedTextureAsset":null,"inactiveTextureAsset":null},"element":{"enabled":true,"type":"image","anchor":[0.5,0.5,0.5,0.5],"pivot":[0.5,0.5],"text":"","key":null,"fontAsset":null,"fontSize":32,"minFontSize":8,"maxFontSize":32,"autoFitWidth":false,"autoFitHeight":false,"maxLines":null,"lineHeight":32,"wrapLines":true,"spacing":1,"color":[0.5019607843137255,0.5019607843137255,0.5019607843137255],"opacity":1,"textureAsset":98261330,"spriteAsset":null,"spriteFrame":0,"pixelsPerUnit":null,"width":280,"height":100,"margin":[-460,-50,180,-50],"alignment":[0.5,0.5],"outlineColor":[0,0,0,1],"outlineThickness":0,"shadowColor":[0,0,0,1],"shadowOffset":[0,0],"rect":[0,0,1,1],"materialAsset":null,"autoWidth":false,"autoHeight":false,"fitMode":"stretch","useInput":true,"batchGroupId":null,"mask":false,"layers":[4],"enableMarkup":false},"script":{"enabled":true,"order":["numButton"],"scripts":{"numButton":{"enabled":true,"attributes":{"betAmount":600}}}}}},"ed28c1c6-0d61-4b0d-addc-2cf6d7adec8c":{"name":"Text","tags":[],"enabled":true,"resource_id":"ed28c1c6-0d61-4b0d-addc-2cf6d7adec8c","parent":"bcc50a6f-cef3-482d-a5cc-d0910b4fb2a0","children":[],"position":[0,0,0],"rotation":[0,0,0],"scale":[1,1,1],"components":{"element":{"enabled":true,"type":"text","anchor":[0,0,1,1],"pivot":[0.5,0.5],"text":"Text","key":null,"fontAsset":95484367,"fontSize":32,"minFontSize":8,"maxFontSize":64,"autoFitWidth":true,"autoFitHeight":true,"maxLines":null,"lineHeight":64,"wrapLines":true,"spacing":1,"color":[0,0,0],"opacity":1,"textureAsset":null,"spriteAsset":null,"spriteFrame":0,"pixelsPerUnit":null,"width":32,"height":32,"margin":[0,0,0,0],"alignment":[0.5,0.5],"outlineColor":[0,0,0,1],"outlineThickness":0,"shadowColor":[0,0,0,1],"shadowOffset":[0,0],"rect":[0,0,1,1],"materialAsset":null,"autoWidth":false,"autoHeight":false,"fitMode":"stretch","useInput":false,"batchGroupId":null,"mask":false,"layers":[4],"enableMarkup":false}}},"cf2a2801-e64c-471c-9c01-8b87b2550734":{"name":"Button","tags":[],"enabled":true,"resource_id":"cf2a2801-e64c-471c-9c01-8b87b2550734","parent":"5a034e63-1b15-486b-96fc-2b2e2847420a","children":["61bcedac-217b-4855-9e44-de5fc08a3f1f"],"position":[0,0,0],"rotation":[0,0,0],"scale":[1,1,1],"components":{"button":{"enabled":true,"active":true,"imageEntity":"cf2a2801-e64c-471c-9c01-8b87b2550734","hitPadding":[0,0,0,0],"transitionMode":0,"hoverTint":[0.8470588235294118,0.8352941176470589,0.8352941176470589,1],"pressedTint":[0.8470588235294118,0.8352941176470589,0.8352941176470589,1],"inactiveTint":[0.8470588235294118,0.8352941176470589,0.8352941176470589,1],"fadeDuration":0,"hoverSpriteAsset":null,"hoverSpriteFrame":0,"pressedSpriteAsset":null,"pressedSpriteFrame":0,"inactiveSpriteAsset":null,"inactiveSpriteFrame":0,"hoverTextureAsset":null,"pressedTextureAsset":null,"inactiveTextureAsset":null},"element":{"enabled":true,"type":"image","anchor":[0.5,0.5,0.5,0.5],"pivot":[0.5,0.5],"text":"","key":null,"fontAsset":null,"fontSize":32,"minFontSize":8,"maxFontSize":32,"autoFitWidth":false,"autoFitHeight":false,"maxLines":null,"lineHeight":32,"wrapLines":true,"spacing":1,"color":[0.5019607843137255,0.5019607843137255,0.5019607843137255],"opacity":1,"textureAsset":98261330,"spriteAsset":null,"spriteFrame":0,"pixelsPerUnit":null,"width":280,"height":100,"margin":[-140,-50,-140,-50],"alignment":[0.5,0.5],"outlineColor":[0,0,0,1],"outlineThickness":0,"shadowColor":[0,0,0,1],"shadowOffset":[0,0],"rect":[0,0,1,1],"materialAsset":null,"autoWidth":false,"autoHeight":false,"fitMode":"stretch","useInput":true,"batchGroupId":null,"mask":false,"layers":[4],"enableMarkup":false},"script":{"enabled":true,"order":["numButton"],"scripts":{"numButton":{"enabled":true,"attributes":{"betAmount":800}}}}}},"61bcedac-217b-4855-9e44-de5fc08a3f1f":{"name":"Text","tags":[],"enabled":true,"resource_id":"61bcedac-217b-4855-9e44-de5fc08a3f1f","parent":"cf2a2801-e64c-471c-9c01-8b87b2550734","children":[],"position":[0,0,0],"rotation":[0,0,0],"scale":[1,1,1],"components":{"element":{"enabled":true,"type":"text","anchor":[0,0,1,1],"pivot":[0.5,0.5],"text":"Text","key":null,"fontAsset":95484367,"fontSize":32,"minFontSize":8,"maxFontSize":64,"autoFitWidth":true,"autoFitHeight":true,"maxLines":null,"lineHeight":64,"wrapLines":true,"spacing":1,"color":[0,0,0],"opacity":1,"textureAsset":null,"spriteAsset":null,"spriteFrame":0,"pixelsPerUnit":null,"width":32,"height":32,"margin":[0,0,0,0],"alignment":[0.5,0.5],"outlineColor":[0,0,0,1],"outlineThickness":0,"shadowColor":[0,0,0,1],"shadowOffset":[0,0],"rect":[0,0,1,1],"materialAsset":null,"autoWidth":false,"autoHeight":false,"fitMode":"stretch","useInput":false,"batchGroupId":null,"mask":false,"layers":[4],"enableMarkup":false}}},"88edaf23-57fb-4d4c-8499-37b285e47892":{"name":"Button","tags":[],"enabled":true,"resource_id":"88edaf23-57fb-4d4c-8499-37b285e47892","parent":"5a034e63-1b15-486b-96fc-2b2e2847420a","children":["04788a9b-8bdc-48e3-9b88-3d484f890d82"],"position":[320,0,0],"rotation":[0,0,0],"scale":[1,1,1],"components":{"button":{"enabled":true,"active":true,"imageEntity":"88edaf23-57fb-4d4c-8499-37b285e47892","hitPadding":[0,0,0,0],"transitionMode":0,"hoverTint":[0.8470588235294118,0.8352941176470589,0.8352941176470589,1],"pressedTint":[0.8470588235294118,0.8352941176470589,0.8352941176470589,1],"inactiveTint":[0.8470588235294118,0.8352941176470589,0.8352941176470589,1],"fadeDuration":0,"hoverSpriteAsset":null,"hoverSpriteFrame":0,"pressedSpriteAsset":null,"pressedSpriteFrame":0,"inactiveSpriteAsset":null,"inactiveSpriteFrame":0,"hoverTextureAsset":null,"pressedTextureAsset":null,"inactiveTextureAsset":null},"element":{"enabled":true,"type":"image","anchor":[0.5,0.5,0.5,0.5],"pivot":[0.5,0.5],"text":"","key":null,"fontAsset":null,"fontSize":32,"minFontSize":8,"maxFontSize":32,"autoFitWidth":false,"autoFitHeight":false,"maxLines":null,"lineHeight":32,"wrapLines":true,"spacing":1,"color":[0.5019607843137255,0.5019607843137255,0.5019607843137255],"opacity":1,"textureAsset":98261330,"spriteAsset":null,"spriteFrame":0,"pixelsPerUnit":null,"width":280,"height":100,"margin":[180,-50,-460,-50],"alignment":[0.5,0.5],"outlineColor":[0,0,0,1],"outlineThickness":0,"shadowColor":[0,0,0,1],"shadowOffset":[0,0],"rect":[0,0,1,1],"materialAsset":null,"autoWidth":false,"autoHeight":false,"fitMode":"stretch","useInput":true,"batchGroupId":null,"mask":false,"layers":[4],"enableMarkup":false},"script":{"enabled":true,"order":["numButton"],"scripts":{"numButton":{"enabled":true,"attributes":{"betAmount":1000}}}}}},"04788a9b-8bdc-48e3-9b88-3d484f890d82":{"name":"Text","tags":[],"enabled":true,"resource_id":"04788a9b-8bdc-48e3-9b88-3d484f890d82","parent":"88edaf23-57fb-4d4c-8499-37b285e47892","children":[],"position":[0,0,0],"rotation":[0,0,0],"scale":[1,1,1],"components":{"element":{"enabled":true,"type":"text","anchor":[0,0,1,1],"pivot":[0.5,0.5],"text":"Text","key":null,"fontAsset":95484367,"fontSize":32,"minFontSize":8,"maxFontSize":64,"autoFitWidth":true,"autoFitHeight":true,"maxLines":null,"lineHeight":64,"wrapLines":true,"spacing":1,"color":[0,0,0],"opacity":1,"textureAsset":null,"spriteAsset":null,"spriteFrame":0,"pixelsPerUnit":null,"width":32,"height":32,"margin":[0,0,0,0],"alignment":[0.5,0.5],"outlineColor":[0,0,0,1],"outlineThickness":0,"shadowColor":[0,0,0,1],"shadowOffset":[0,0],"rect":[0,0,1,1],"materialAsset":null,"autoWidth":false,"autoHeight":false,"fitMode":"stretch","useInput":false,"batchGroupId":null,"mask":false,"layers":[4],"enableMarkup":false}}},"d24500da-4b2a-4d7c-9215-53b4fb6bd76e":{"name":"CancelButton","tags":[],"enabled":true,"resource_id":"d24500da-4b2a-4d7c-9215-53b4fb6bd76e","parent":"5a034e63-1b15-486b-96fc-2b2e2847420a","children":["e0918e69-2b3d-4418-84ea-a29337e12201"],"position":[200,-120,0],"rotation":[0,0,0],"scale":[1,1,1],"components":{"button":{"enabled":true,"active":true,"imageEntity":"d24500da-4b2a-4d7c-9215-53b4fb6bd76e","hitPadding":[0,0,0,0],"transitionMode":0,"hoverTint":[0.9764705882352941,0.396078431372549,0.38823529411764707,1],"pressedTint":[0.9764705882352941,0.396078431372549,0.38823529411764707,1],"inactiveTint":[0.9764705882352941,0.396078431372549,0.38823529411764707,1],"fadeDuration":0,"hoverSpriteAsset":null,"hoverSpriteFrame":0,"pressedSpriteAsset":null,"pressedSpriteFrame":0,"inactiveSpriteAsset":null,"inactiveSpriteFrame":0,"hoverTextureAsset":null,"pressedTextureAsset":null,"inactiveTextureAsset":null},"element":{"enabled":true,"type":"image","anchor":[0.5,0.5,0.5,0.5],"pivot":[0.5,0.5],"text":"","key":null,"fontAsset":null,"fontSize":32,"minFontSize":8,"maxFontSize":32,"autoFitWidth":false,"autoFitHeight":false,"maxLines":null,"lineHeight":32,"wrapLines":true,"spacing":1,"color":[0.9764705882352941,0.396078431372549,0.38823529411764707],"opacity":1,"textureAsset":98261330,"spriteAsset":null,"spriteFrame":0,"pixelsPerUnit":null,"width":280,"height":100,"margin":[60,-170,-340,70],"alignment":[0.5,0.5],"outlineColor":[0,0,0,1],"outlineThickness":0,"shadowColor":[0,0,0,1],"shadowOffset":[0,0],"rect":[0,0,1,1],"materialAsset":null,"autoWidth":false,"autoHeight":false,"fitMode":"stretch","useInput":true,"batchGroupId":null,"mask":false,"layers":[4],"enableMarkup":false}}},"e0918e69-2b3d-4418-84ea-a29337e12201":{"name":"Text","tags":[],"enabled":true,"resource_id":"e0918e69-2b3d-4418-84ea-a29337e12201","parent":"d24500da-4b2a-4d7c-9215-53b4fb6bd76e","children":[],"position":[59.999999999999986,0,0],"rotation":[0,0,0],"scale":[1,1,1],"components":{"element":{"enabled":true,"type":"text","anchor":[0,0,1,1],"pivot":[0.5,0.5],"text":"Cancel","key":null,"fontAsset":95484367,"fontSize":32,"minFontSize":8,"maxFontSize":64,"autoFitWidth":true,"autoFitHeight":true,"maxLines":null,"lineHeight":64,"wrapLines":true,"spacing":1,"color":[1,1,1],"opacity":1,"textureAsset":null,"spriteAsset":null,"spriteFrame":0,"pixelsPerUnit":null,"width":32,"height":32,"margin":[0,0,0,0],"alignment":[0.5,0.5],"outlineColor":[0,0,0,1],"outlineThickness":0,"shadowColor":[0,0,0,1],"shadowOffset":[0,0],"rect":[0,0,1,1],"materialAsset":null,"autoWidth":false,"autoHeight":false,"fitMode":"stretch","useInput":false,"batchGroupId":null,"mask":false,"layers":[4],"enableMarkup":false}}},"e905deb6-b6db-4c52-acbf-f678b6491e58":{"name":"OkButton","tags":[],"enabled":true,"resource_id":"e905deb6-b6db-4c52-acbf-f678b6491e58","parent":"5a034e63-1b15-486b-96fc-2b2e2847420a","children":["746363d7-a558-440e-9e91-ad949975e57b"],"position":[-200,-120,0],"rotation":[0,0,0],"scale":[1,1,1],"components":{"button":{"enabled":true,"active":true,"imageEntity":"e905deb6-b6db-4c52-acbf-f678b6491e58","hitPadding":[0,0,0,0],"transitionMode":0,"hoverTint":[0.6509803921568628,1,0.30196078431372547,1],"pressedTint":[0.6509803921568628,1,0.30196078431372547,1],"inactiveTint":[0.6509803921568628,1,0.30196078431372547,1],"fadeDuration":0,"hoverSpriteAsset":null,"hoverSpriteFrame":0,"pressedSpriteAsset":null,"pressedSpriteFrame":0,"inactiveSpriteAsset":null,"inactiveSpriteFrame":0,"hoverTextureAsset":null,"pressedTextureAsset":null,"inactiveTextureAsset":null},"element":{"enabled":true,"type":"image","anchor":[0.5,0.5,0.5,0.5],"pivot":[0.5,0.5],"text":"","key":null,"fontAsset":null,"fontSize":32,"minFontSize":8,"maxFontSize":32,"autoFitWidth":false,"autoFitHeight":false,"maxLines":null,"lineHeight":32,"wrapLines":true,"spacing":1,"color":[0.6509803921568628,1,0.30196078431372547],"opacity":1,"textureAsset":98261330,"spriteAsset":null,"spriteFrame":0,"pixelsPerUnit":null,"width":280,"height":100,"margin":[-340,-170,60,70],"alignment":[0.5,0.5],"outlineColor":[0,0,0,1],"outlineThickness":0,"shadowColor":[0,0,0,1],"shadowOffset":[0,0],"rect":[0,0,1,1],"materialAsset":null,"autoWidth":false,"autoHeight":false,"fitMode":"stretch","useInput":true,"batchGroupId":null,"mask":false,"layers":[4],"enableMarkup":false}}},"746363d7-a558-440e-9e91-ad949975e57b":{"name":"Text","tags":[],"enabled":true,"resource_id":"746363d7-a558-440e-9e91-ad949975e57b","parent":"e905deb6-b6db-4c52-acbf-f678b6491e58","children":[],"position":[140,0,0],"rotation":[0,0,0],"scale":[1,1,1],"components":{"element":{"enabled":true,"type":"text","anchor":[0,0,1,1],"pivot":[0.5,0.5],"text":"Ok","key":null,"fontAsset":95484367,"fontSize":32,"minFontSize":8,"maxFontSize":64,"autoFitWidth":true,"autoFitHeight":true,"maxLines":null,"lineHeight":64,"wrapLines":true,"spacing":1,"color":[0.3607843137254902,0.3607843137254902,0.3607843137254902],"opacity":1,"textureAsset":null,"spriteAsset":null,"spriteFrame":0,"pixelsPerUnit":null,"width":32,"height":32,"margin":[0,0,0,0],"alignment":[0.5,0.5],"outlineColor":[0,0,0,1],"outlineThickness":0,"shadowColor":[0,0,0,1],"shadowOffset":[0,0],"rect":[0,0,1,1],"materialAsset":null,"autoWidth":false,"autoHeight":false,"fitMode":"stretch","useInput":false,"batchGroupId":null,"mask":false,"layers":[4],"enableMarkup":false}}},"408ea63d-61d1-46e5-a3bc-7c020d2e654e":{"name":"Profit","tags":[],"enabled":true,"resource_id":"408ea63d-61d1-46e5-a3bc-7c020d2e654e","parent":"5665afa5-5303-4c36-90aa-082859636427","children":[],"position":[-19.999997317790985,-150,0],"rotation":[0,0,0],"scale":[1,1,1],"components":{"element":{"enabled":true,"type":"text","anchor":[0.5,0.5,0.5,0.5],"pivot":[0.5,0.5],"text":"+100","key":null,"fontAsset":95484367,"fontSize":120,"minFontSize":8,"maxFontSize":32,"autoFitWidth":false,"autoFitHeight":false,"maxLines":null,"lineHeight":120,"wrapLines":true,"spacing":1,"color":[1,0.8,0],"opacity":1,"textureAsset":null,"spriteAsset":null,"spriteFrame":0,"pixelsPerUnit":null,"width":311.52,"height":134.88,"margin":[-175.75999731779098,-217.44,-135.760002682209,82.56],"alignment":[0.5,0.5],"outlineColor":[0,0,0,1],"outlineThickness":0.42,"shadowColor":[0,0,0,1],"shadowOffset":[0,0],"rect":[0,0,1,1],"materialAsset":null,"autoWidth":true,"autoHeight":true,"fitMode":"stretch","useInput":false,"batchGroupId":null,"mask":false,"layers":[4],"enableMarkup":false}}},"7e408ddb-a1c0-4c54-ad0a-9b33af456156":{"name":"BakcgourndCover","tags":[],"enabled":false,"resource_id":"7e408ddb-a1c0-4c54-ad0a-9b33af456156","parent":"a019517d-368f-4ce7-87bb-e99894bcc1e2","children":[],"position":[-1,0,0],"rotation":[0,0,0],"scale":[1,1,1],"components":{"element":{"enabled":true,"type":"image","anchor":[0.5,0.5,0.5,0.5],"pivot":[0.5,0.5],"text":"","key":null,"fontAsset":null,"fontSize":32,"minFontSize":8,"maxFontSize":32,"autoFitWidth":false,"autoFitHeight":false,"maxLines":null,"lineHeight":32,"wrapLines":true,"spacing":1,"color":[1,1,1],"opacity":1,"textureAsset":103437249,"spriteAsset":null,"spriteFrame":0,"pixelsPerUnit":null,"width":1000,"height":1600,"margin":[-501,-800,-499,-800],"alignment":[0.5,0.5],"outlineColor":[0,0,0,1],"outlineThickness":0,"shadowColor":[0,0,0,1],"shadowOffset":[0,0],"rect":[0,0,1,1],"materialAsset":null,"autoWidth":false,"autoHeight":false,"fitMode":"stretch","useInput":false,"batchGroupId":null,"mask":false,"layers":[4],"enableMarkup":false}}}},"checkpoint_id":"78312a29-d68c-4938-83ad-4beaaf2058f8","id":1486069}