{"branch_id":"cd89cf84-5184-4b22-9a63-00c92c1b6d52","name":"Untitled","created":"2022-07-14T06:38:31.904Z","settings":{"physics":{"gravity":[0,-9.8,0]},"render":{"lightmapFilterRange":10,"tonemapping":0,"ambientBakeOcclusionContrast":0,"skybox":null,"lightmapFilterSmoothness":0.2,"gamma_correction":1,"fog_start":1,"skyboxIntensity":1,"fog_color":[0,0,0],"lightmapMode":1,"ambientBakeSpherePart":0.4,"fog":"none","lightmapMaxResolution":2048,"skyboxMip":0,"lightmapSizeMultiplier":16,"fog_end":1000,"lightmapFilterEnabled":false,"ambientBake":false,"fog_density":0.01,"exposure":1,"global_ambient":[0.2,0.2,0.2],"ambientBakeNumSamples":1,"ambientBakeOcclusionBrightness":0,"skyboxRotation":[0,0,0]}},"entities":{"93fdf7e0-033f-11ed-9a5c-3299f23ac341":{"position":[4,3.5,4],"scale":[1,1,1],"name":"Camera","parent":"93fdf646-033f-11ed-9a5c-3299f23ac341","resource_id":"93fdf7e0-033f-11ed-9a5c-3299f23ac341","components":{"camera":{"projection":0,"farClip":1000,"clearColorBuffer":true,"layers":[0,1,2,3,4],"priority":0,"fov":45,"clearDepthBuffer":true,"frustumCulling":true,"clearColor":[0.118,0.118,0.118,1],"enabled":true,"orthoHeight":4,"nearClip":0.1,"rect":[0,0,1,1]}},"rotation":[-30,45,0],"tags":[],"enabled":true,"children":[]},"93fdf646-033f-11ed-9a5c-3299f23ac341":{"position":[0,0,0],"scale":[1,1,1],"name":"Root","parent":null,"resource_id":"93fdf646-033f-11ed-9a5c-3299f23ac341","components":{},"rotation":[0,0,0],"tags":[],"enabled":true,"children":["93fdf7e0-033f-11ed-9a5c-3299f23ac341","93fdf8ee-033f-11ed-9a5c-3299f23ac341","eb4a9687-637f-447c-9ce6-b669dfb91d6a","1eb3c183-bd3c-4589-8a9f-f93c8d6c98cd"]},"93fdf8ee-033f-11ed-9a5c-3299f23ac341":{"position":[2,2,-2],"scale":[1,1,1],"name":"Light","parent":"93fdf646-033f-11ed-9a5c-3299f23ac341","resource_id":"93fdf8ee-033f-11ed-9a5c-3299f23ac341","components":{"light":{"castShadows":true,"isStatic":false,"vsmBlurSize":11,"shadowUpdateMode":2,"normalOffsetBias":0.05,"color":[1,1,1],"bakeArea":0,"numCascades":1,"outerConeAngle":45,"bakeNumSamples":1,"affectDynamic":true,"intensity":1,"bakeDir":true,"cookieAngle":0,"affectLightmapped":false,"cookieChannel":"rgb","innerConeAngle":40,"shadowBias":0.2,"bake":false,"falloffMode":0,"cookieAsset":null,"vsmBias":0.01,"layers":[0],"cookieIntensity":1,"cascadeDistribution":0.5,"cookieOffset":[0,0],"shadowResolution":1024,"cookieScale":[1,1],"enabled":true,"shape":0,"range":8,"vsmBlurMode":1,"shadowDistance":16,"type":"directional","cookieFalloff":true,"shadowType":0}},"rotation":[45,135,0],"tags":[],"enabled":true,"children":[]},"eb4a9687-637f-447c-9ce6-b669dfb91d6a":{"name":"2D Screen","tags":[],"enabled":true,"resource_id":"eb4a9687-637f-447c-9ce6-b669dfb91d6a","parent":"93fdf646-033f-11ed-9a5c-3299f23ac341","children":["dbccfcc4-636c-4644-ae6d-e957cf91b9e6","e901ae48-f3d5-48cf-8551-7d509eb3d0b1","8ed8e86c-5272-4b88-93ac-c0501d24d07e","98e397af-1326-4384-b67c-c698b65b76db","470111e3-44d9-4f62-8380-f5d4f21ba65d","333b0153-211f-4351-bfc3-d38ae3a28b9f","59804cf1-3fef-42fd-b3d2-4d0f6d1f58ee","265668b4-9274-4b27-ae11-143221603b19"],"position":[0,0,0],"rotation":[0,0,0],"scale":[1,1,1],"components":{"screen":{"enabled":true,"screenSpace":true,"scaleMode":"blend","scaleBlend":0.5,"resolution":[500,800],"referenceResolution":[1000,1600]}}},"dbccfcc4-636c-4644-ae6d-e957cf91b9e6":{"name":"Background","tags":[],"enabled":true,"resource_id":"dbccfcc4-636c-4644-ae6d-e957cf91b9e6","parent":"eb4a9687-637f-447c-9ce6-b669dfb91d6a","children":[],"position":[0,0,0],"rotation":[0,0,0],"scale":[1,1,1],"components":{"element":{"enabled":true,"type":"image","anchor":[0.5,0.5,0.5,0.5],"pivot":[0.5,0.5],"text":"","key":null,"fontAsset":null,"fontSize":32,"minFontSize":8,"maxFontSize":32,"autoFitWidth":false,"autoFitHeight":false,"maxLines":null,"lineHeight":32,"wrapLines":true,"spacing":1,"color":[1,1,1],"opacity":1,"textureAsset":93455171,"spriteAsset":null,"spriteFrame":0,"pixelsPerUnit":null,"width":1000,"height":1600,"margin":[-500,-800,-500,-800],"alignment":[0.5,0.5],"outlineColor":[0,0,0,1],"outlineThickness":0,"shadowColor":[0,0,0,1],"shadowOffset":[0,0],"rect":[0,0,1,1],"materialAsset":null,"autoWidth":false,"autoHeight":false,"fitMode":"stretch","useInput":false,"batchGroupId":null,"mask":false,"layers":[4],"enableMarkup":false}}},"e901ae48-f3d5-48cf-8551-7d509eb3d0b1":{"name":"NumberGroup","tags":[],"enabled":true,"resource_id":"e901ae48-f3d5-48cf-8551-7d509eb3d0b1","parent":"eb4a9687-637f-447c-9ce6-b669dfb91d6a","children":["9eb7ef37-c1fe-4437-b274-408543033bfc","59beab95-0229-4a38-9624-2f6182cdc184","962b3a00-cfe3-4fe3-9143-367c2e5dc8bb","86b822aa-7a6a-41ca-8675-7a59e3d9a474","5c19a953-88de-4aed-8b6f-54a409392d1c","c3778733-aa82-4dae-adb0-fa9154fb3bad","a376a1ba-4164-474c-bc9f-8e26fa601ee6","1e55f522-3b6e-4dd1-bf84-69bdc354b45d","e75edefe-fedd-4e1f-8422-61caa8af939f","8986121b-2b39-418e-a37f-0cd4b62e6751","11bbb3b4-019a-4f02-abbc-3b26beef7eec","e92b9ca8-2aad-4cd8-84e9-c58bbc73da8f"],"position":[0,0,0],"rotation":[0,0,0],"scale":[1,1,1],"components":{"element":{"enabled":true,"type":"group","anchor":[0.5,0.5,0.5,0.5],"pivot":[0.5,0.5],"text":"","key":null,"fontAsset":null,"fontSize":32,"minFontSize":8,"maxFontSize":32,"autoFitWidth":false,"autoFitHeight":false,"maxLines":null,"lineHeight":32,"wrapLines":true,"spacing":1,"color":[1,1,1],"opacity":1,"textureAsset":null,"spriteAsset":null,"spriteFrame":0,"pixelsPerUnit":null,"width":1000,"height":1600,"margin":[-500,-800,-500,-800],"alignment":[0.5,0.5],"outlineColor":[0,0,0,1],"outlineThickness":0,"shadowColor":[0,0,0,1],"shadowOffset":[0,0],"rect":[0,0,1,1],"materialAsset":null,"autoWidth":false,"autoHeight":false,"fitMode":"stretch","useInput":false,"batchGroupId":null,"mask":false,"layers":[4],"enableMarkup":false},"script":{"enabled":true,"order":["numberController"],"scripts":{"numberController":{"enabled":true,"attributes":{"allNumber":["9eb7ef37-c1fe-4437-b274-408543033bfc","59beab95-0229-4a38-9624-2f6182cdc184","962b3a00-cfe3-4fe3-9143-367c2e5dc8bb","86b822aa-7a6a-41ca-8675-7a59e3d9a474","5c19a953-88de-4aed-8b6f-54a409392d1c","c3778733-aa82-4dae-adb0-fa9154fb3bad","a376a1ba-4164-474c-bc9f-8e26fa601ee6","1e55f522-3b6e-4dd1-bf84-69bdc354b45d","e75edefe-fedd-4e1f-8422-61caa8af939f","8986121b-2b39-418e-a37f-0cd4b62e6751","11bbb3b4-019a-4f02-abbc-3b26beef7eec","e92b9ca8-2aad-4cd8-84e9-c58bbc73da8f"],"one":["9eb7ef37-c1fe-4437-b274-408543033bfc","a376a1ba-4164-474c-bc9f-8e26fa601ee6"],"two":["59beab95-0229-4a38-9624-2f6182cdc184","5c19a953-88de-4aed-8b6f-54a409392d1c","1e55f522-3b6e-4dd1-bf84-69bdc354b45d","11bbb3b4-019a-4f02-abbc-3b26beef7eec"],"four":["86b822aa-7a6a-41ca-8675-7a59e3d9a474","e75edefe-fedd-4e1f-8422-61caa8af939f","e92b9ca8-2aad-4cd8-84e9-c58bbc73da8f"],"seven":["962b3a00-cfe3-4fe3-9143-367c2e5dc8bb","8986121b-2b39-418e-a37f-0cd4b62e6751"],"ten":["c3778733-aa82-4dae-adb0-fa9154fb3bad"]}}}}}},"59beab95-0229-4a38-9624-2f6182cdc184":{"name":"2","tags":[],"enabled":true,"resource_id":"59beab95-0229-4a38-9624-2f6182cdc184","parent":"e901ae48-f3d5-48cf-8551-7d509eb3d0b1","children":[],"position":[0,0,0],"rotation":[0,0,0],"scale":[1,1,1],"components":{"element":{"enabled":true,"type":"image","anchor":[0.5,0.5,0.5,0.5],"pivot":[0.5,0.5],"text":"","key":null,"fontAsset":null,"fontSize":32,"minFontSize":8,"maxFontSize":32,"autoFitWidth":false,"autoFitHeight":false,"maxLines":null,"lineHeight":32,"wrapLines":true,"spacing":1,"color":[1,1,1],"opacity":1,"textureAsset":93455165,"spriteAsset":null,"spriteFrame":0,"pixelsPerUnit":null,"width":1000,"height":1600,"margin":[-500,-800,-500,-800],"alignment":[0.5,0.5],"outlineColor":[0,0,0,1],"outlineThickness":0,"shadowColor":[0,0,0,1],"shadowOffset":[0,0],"rect":[0,0,1,1],"materialAsset":null,"autoWidth":false,"autoHeight":false,"fitMode":"stretch","useInput":false,"batchGroupId":null,"mask":false,"layers":[4],"enableMarkup":false}}},"5c19a953-88de-4aed-8b6f-54a409392d1c":{"name":"2","tags":[],"enabled":true,"resource_id":"5c19a953-88de-4aed-8b6f-54a409392d1c","parent":"e901ae48-f3d5-48cf-8551-7d509eb3d0b1","children":[],"position":[0,0,0],"rotation":[0,0,0],"scale":[1,1,1],"components":{"element":{"enabled":true,"type":"image","anchor":[0.5,0.5,0.5,0.5],"pivot":[0.5,0.5],"text":"","key":null,"fontAsset":null,"fontSize":32,"minFontSize":8,"maxFontSize":32,"autoFitWidth":false,"autoFitHeight":false,"maxLines":null,"lineHeight":32,"wrapLines":true,"spacing":1,"color":[1,1,1],"opacity":1,"textureAsset":93455173,"spriteAsset":null,"spriteFrame":0,"pixelsPerUnit":null,"width":1000,"height":1600,"margin":[-500,-800,-500,-800],"alignment":[0.5,0.5],"outlineColor":[0,0,0,1],"outlineThickness":0,"shadowColor":[0,0,0,1],"shadowOffset":[0,0],"rect":[0,0,1,1],"materialAsset":null,"autoWidth":false,"autoHeight":false,"fitMode":"stretch","useInput":false,"batchGroupId":null,"mask":false,"layers":[4],"enableMarkup":false}}},"1e55f522-3b6e-4dd1-bf84-69bdc354b45d":{"name":"2","tags":[],"enabled":true,"resource_id":"1e55f522-3b6e-4dd1-bf84-69bdc354b45d","parent":"e901ae48-f3d5-48cf-8551-7d509eb3d0b1","children":[],"position":[0,0,0],"rotation":[0,0,0],"scale":[1,1,1],"components":{"element":{"enabled":true,"type":"image","anchor":[0.5,0.5,0.5,0.5],"pivot":[0.5,0.5],"text":"","key":null,"fontAsset":null,"fontSize":32,"minFontSize":8,"maxFontSize":32,"autoFitWidth":false,"autoFitHeight":false,"maxLines":null,"lineHeight":32,"wrapLines":true,"spacing":1,"color":[1,1,1],"opacity":1,"textureAsset":93455170,"spriteAsset":null,"spriteFrame":0,"pixelsPerUnit":null,"width":1000,"height":1600,"margin":[-500,-800,-500,-800],"alignment":[0.5,0.5],"outlineColor":[0,0,0,1],"outlineThickness":0,"shadowColor":[0,0,0,1],"shadowOffset":[0,0],"rect":[0,0,1,1],"materialAsset":null,"autoWidth":false,"autoHeight":false,"fitMode":"stretch","useInput":false,"batchGroupId":null,"mask":false,"layers":[4],"enableMarkup":false}}},"11bbb3b4-019a-4f02-abbc-3b26beef7eec":{"name":"2","tags":[],"enabled":true,"resource_id":"11bbb3b4-019a-4f02-abbc-3b26beef7eec","parent":"e901ae48-f3d5-48cf-8551-7d509eb3d0b1","children":[],"position":[0,0,0],"rotation":[0,0,0],"scale":[1,1,1],"components":{"element":{"enabled":true,"type":"image","anchor":[0.5,0.5,0.5,0.5],"pivot":[0.5,0.5],"text":"","key":null,"fontAsset":null,"fontSize":32,"minFontSize":8,"maxFontSize":32,"autoFitWidth":false,"autoFitHeight":false,"maxLines":null,"lineHeight":32,"wrapLines":true,"spacing":1,"color":[1,1,1],"opacity":1,"textureAsset":93455172,"spriteAsset":null,"spriteFrame":0,"pixelsPerUnit":null,"width":1000,"height":1600,"margin":[-500,-800,-500,-800],"alignment":[0.5,0.5],"outlineColor":[0,0,0,1],"outlineThickness":0,"shadowColor":[0,0,0,1],"shadowOffset":[0,0],"rect":[0,0,1,1],"materialAsset":null,"autoWidth":false,"autoHeight":false,"fitMode":"stretch","useInput":false,"batchGroupId":null,"mask":false,"layers":[4],"enableMarkup":false}}},"86b822aa-7a6a-41ca-8675-7a59e3d9a474":{"name":"4","tags":[],"enabled":true,"resource_id":"86b822aa-7a6a-41ca-8675-7a59e3d9a474","parent":"e901ae48-f3d5-48cf-8551-7d509eb3d0b1","children":[],"position":[0,0,0],"rotation":[0,0,0],"scale":[1,1,1],"components":{"element":{"enabled":true,"type":"image","anchor":[0.5,0.5,0.5,0.5],"pivot":[0.5,0.5],"text":"","key":null,"fontAsset":null,"fontSize":32,"minFontSize":8,"maxFontSize":32,"autoFitWidth":false,"autoFitHeight":false,"maxLines":null,"lineHeight":32,"wrapLines":true,"spacing":1,"color":[1,1,1],"opacity":1,"textureAsset":93455176,"spriteAsset":null,"spriteFrame":0,"pixelsPerUnit":null,"width":1000,"height":1600,"margin":[-500,-800,-500,-800],"alignment":[0.5,0.5],"outlineColor":[0,0,0,1],"outlineThickness":0,"shadowColor":[0,0,0,1],"shadowOffset":[0,0],"rect":[0,0,1,1],"materialAsset":null,"autoWidth":false,"autoHeight":false,"fitMode":"stretch","useInput":false,"batchGroupId":null,"mask":false,"layers":[4],"enableMarkup":false}}},"e75edefe-fedd-4e1f-8422-61caa8af939f":{"name":"4","tags":[],"enabled":true,"resource_id":"e75edefe-fedd-4e1f-8422-61caa8af939f","parent":"e901ae48-f3d5-48cf-8551-7d509eb3d0b1","children":[],"position":[0,0,0],"rotation":[0,0,0],"scale":[1,1,1],"components":{"element":{"enabled":true,"type":"image","anchor":[0.5,0.5,0.5,0.5],"pivot":[0.5,0.5],"text":"","key":null,"fontAsset":null,"fontSize":32,"minFontSize":8,"maxFontSize":32,"autoFitWidth":false,"autoFitHeight":false,"maxLines":null,"lineHeight":32,"wrapLines":true,"spacing":1,"color":[1,1,1],"opacity":1,"textureAsset":93455177,"spriteAsset":null,"spriteFrame":0,"pixelsPerUnit":null,"width":1000,"height":1600,"margin":[-500,-800,-500,-800],"alignment":[0.5,0.5],"outlineColor":[0,0,0,1],"outlineThickness":0,"shadowColor":[0,0,0,1],"shadowOffset":[0,0],"rect":[0,0,1,1],"materialAsset":null,"autoWidth":false,"autoHeight":false,"fitMode":"stretch","useInput":false,"batchGroupId":null,"mask":false,"layers":[4],"enableMarkup":false}}},"e92b9ca8-2aad-4cd8-84e9-c58bbc73da8f":{"name":"4","tags":[],"enabled":true,"resource_id":"e92b9ca8-2aad-4cd8-84e9-c58bbc73da8f","parent":"e901ae48-f3d5-48cf-8551-7d509eb3d0b1","children":[],"position":[0,0,0],"rotation":[0,0,0],"scale":[1,1,1],"components":{"element":{"enabled":true,"type":"image","anchor":[0.5,0.5,0.5,0.5],"pivot":[0.5,0.5],"text":"","key":null,"fontAsset":null,"fontSize":32,"minFontSize":8,"maxFontSize":32,"autoFitWidth":false,"autoFitHeight":false,"maxLines":null,"lineHeight":32,"wrapLines":true,"spacing":1,"color":[1,1,1],"opacity":1,"textureAsset":93455163,"spriteAsset":null,"spriteFrame":0,"pixelsPerUnit":null,"width":1000,"height":1600,"margin":[-500,-800,-500,-800],"alignment":[0.5,0.5],"outlineColor":[0,0,0,1],"outlineThickness":0,"shadowColor":[0,0,0,1],"shadowOffset":[0,0],"rect":[0,0,1,1],"materialAsset":null,"autoWidth":false,"autoHeight":false,"fitMode":"stretch","useInput":false,"batchGroupId":null,"mask":false,"layers":[4],"enableMarkup":false}}},"962b3a00-cfe3-4fe3-9143-367c2e5dc8bb":{"name":"7","tags":[],"enabled":true,"resource_id":"962b3a00-cfe3-4fe3-9143-367c2e5dc8bb","parent":"e901ae48-f3d5-48cf-8551-7d509eb3d0b1","children":[],"position":[0,0,0],"rotation":[0,0,0],"scale":[1,1,1],"components":{"element":{"enabled":true,"type":"image","anchor":[0.5,0.5,0.5,0.5],"pivot":[0.5,0.5],"text":"","key":null,"fontAsset":null,"fontSize":32,"minFontSize":8,"maxFontSize":32,"autoFitWidth":false,"autoFitHeight":false,"maxLines":null,"lineHeight":32,"wrapLines":true,"spacing":1,"color":[1,1,1],"opacity":1,"textureAsset":93455174,"spriteAsset":null,"spriteFrame":0,"pixelsPerUnit":null,"width":1000,"height":1600,"margin":[-500,-800,-500,-800],"alignment":[0.5,0.5],"outlineColor":[0,0,0,1],"outlineThickness":0,"shadowColor":[0,0,0,1],"shadowOffset":[0,0],"rect":[0,0,1,1],"materialAsset":null,"autoWidth":false,"autoHeight":false,"fitMode":"stretch","useInput":false,"batchGroupId":null,"mask":false,"layers":[4],"enableMarkup":false}}},"8986121b-2b39-418e-a37f-0cd4b62e6751":{"name":"7","tags":[],"enabled":true,"resource_id":"8986121b-2b39-418e-a37f-0cd4b62e6751","parent":"e901ae48-f3d5-48cf-8551-7d509eb3d0b1","children":[],"position":[0,0,0],"rotation":[0,0,0],"scale":[1,1,1],"components":{"element":{"enabled":true,"type":"image","anchor":[0.5,0.5,0.5,0.5],"pivot":[0.5,0.5],"text":"","key":null,"fontAsset":null,"fontSize":32,"minFontSize":8,"maxFontSize":32,"autoFitWidth":false,"autoFitHeight":false,"maxLines":null,"lineHeight":32,"wrapLines":true,"spacing":1,"color":[1,1,1],"opacity":1,"textureAsset":93455167,"spriteAsset":null,"spriteFrame":0,"pixelsPerUnit":null,"width":1000,"height":1600,"margin":[-500,-800,-500,-800],"alignment":[0.5,0.5],"outlineColor":[0,0,0,1],"outlineThickness":0,"shadowColor":[0,0,0,1],"shadowOffset":[0,0],"rect":[0,0,1,1],"materialAsset":null,"autoWidth":false,"autoHeight":false,"fitMode":"stretch","useInput":false,"batchGroupId":null,"mask":false,"layers":[4],"enableMarkup":false}}},"9eb7ef37-c1fe-4437-b274-408543033bfc":{"name":"1","tags":[],"enabled":true,"resource_id":"9eb7ef37-c1fe-4437-b274-408543033bfc","parent":"e901ae48-f3d5-48cf-8551-7d509eb3d0b1","children":[],"position":[0,0,0],"rotation":[0,0,0],"scale":[1,1,1],"components":{"element":{"enabled":true,"type":"image","anchor":[0.5,0.5,0.5,0.5],"pivot":[0.5,0.5],"text":"","key":null,"fontAsset":null,"fontSize":32,"minFontSize":8,"maxFontSize":32,"autoFitWidth":false,"autoFitHeight":false,"maxLines":null,"lineHeight":32,"wrapLines":true,"spacing":1,"color":[1,1,1],"opacity":1,"textureAsset":93455178,"spriteAsset":null,"spriteFrame":0,"pixelsPerUnit":null,"width":1000,"height":1600,"margin":[-500,-800,-500,-800],"alignment":[0.5,0.5],"outlineColor":[0,0,0,1],"outlineThickness":0,"shadowColor":[0,0,0,1],"shadowOffset":[0,0],"rect":[0,0,1,1],"materialAsset":null,"autoWidth":false,"autoHeight":false,"fitMode":"stretch","useInput":false,"batchGroupId":null,"mask":false,"layers":[4],"enableMarkup":false}}},"a376a1ba-4164-474c-bc9f-8e26fa601ee6":{"name":"1","tags":[],"enabled":true,"resource_id":"a376a1ba-4164-474c-bc9f-8e26fa601ee6","parent":"e901ae48-f3d5-48cf-8551-7d509eb3d0b1","children":[],"position":[0,0,0],"rotation":[0,0,0],"scale":[1,1,1],"components":{"element":{"enabled":true,"type":"image","anchor":[0.5,0.5,0.5,0.5],"pivot":[0.5,0.5],"text":"","key":null,"fontAsset":null,"fontSize":32,"minFontSize":8,"maxFontSize":32,"autoFitWidth":false,"autoFitHeight":false,"maxLines":null,"lineHeight":32,"wrapLines":true,"spacing":1,"color":[1,1,1],"opacity":1,"textureAsset":93455168,"spriteAsset":null,"spriteFrame":0,"pixelsPerUnit":null,"width":1000,"height":1600,"margin":[-500,-800,-500,-800],"alignment":[0.5,0.5],"outlineColor":[0,0,0,1],"outlineThickness":0,"shadowColor":[0,0,0,1],"shadowOffset":[0,0],"rect":[0,0,1,1],"materialAsset":null,"autoWidth":false,"autoHeight":false,"fitMode":"stretch","useInput":false,"batchGroupId":null,"mask":false,"layers":[4],"enableMarkup":false}}},"c3778733-aa82-4dae-adb0-fa9154fb3bad":{"name":"10","tags":[],"enabled":true,"resource_id":"c3778733-aa82-4dae-adb0-fa9154fb3bad","parent":"e901ae48-f3d5-48cf-8551-7d509eb3d0b1","children":[],"position":[0,0,0],"rotation":[0,0,0],"scale":[1,1,1],"components":{"element":{"enabled":true,"type":"image","anchor":[0.5,0.5,0.5,0.5],"pivot":[0.5,0.5],"text":"","key":null,"fontAsset":null,"fontSize":32,"minFontSize":8,"maxFontSize":32,"autoFitWidth":false,"autoFitHeight":false,"maxLines":null,"lineHeight":32,"wrapLines":true,"spacing":1,"color":[1,1,1],"opacity":1,"textureAsset":93455175,"spriteAsset":null,"spriteFrame":0,"pixelsPerUnit":null,"width":1000,"height":1600,"margin":[-500,-800,-500,-800],"alignment":[0.5,0.5],"outlineColor":[0,0,0,1],"outlineThickness":0,"shadowColor":[0,0,0,1],"shadowOffset":[0,0],"rect":[0,0,1,1],"materialAsset":null,"autoWidth":false,"autoHeight":false,"fitMode":"stretch","useInput":false,"batchGroupId":null,"mask":false,"layers":[4],"enableMarkup":false}}},"8ed8e86c-5272-4b88-93ac-c0501d24d07e":{"name":"RPSGroup","tags":[],"enabled":true,"resource_id":"8ed8e86c-5272-4b88-93ac-c0501d24d07e","parent":"eb4a9687-637f-447c-9ce6-b669dfb91d6a","children":["441a2428-1a0a-4cdf-b26a-f4985d823663","946c9064-0148-4f24-9dea-1f58484b2fc7","6558b5b4-f458-493f-90b6-8459c82adbff"],"position":[0,0,0],"rotation":[0,0,0],"scale":[1,1,1],"components":{"element":{"enabled":true,"type":"group","anchor":[0.5,0.5,0.5,0.5],"pivot":[0.5,0.5],"text":"","key":null,"fontAsset":null,"fontSize":32,"minFontSize":8,"maxFontSize":32,"autoFitWidth":false,"autoFitHeight":false,"maxLines":null,"lineHeight":32,"wrapLines":true,"spacing":1,"color":[1,1,1],"opacity":1,"textureAsset":null,"spriteAsset":null,"spriteFrame":0,"pixelsPerUnit":null,"width":1000,"height":1600,"margin":[-500,-800,-500,-800],"alignment":[0.5,0.5],"outlineColor":[0,0,0,1],"outlineThickness":0,"shadowColor":[0,0,0,1],"shadowOffset":[0,0],"rect":[0,0,1,1],"materialAsset":null,"autoWidth":false,"autoHeight":false,"fitMode":"stretch","useInput":false,"batchGroupId":null,"mask":false,"layers":[4],"enableMarkup":false},"script":{"enabled":true,"order":["rpsController"],"scripts":{"rpsController":{"enabled":true,"attributes":{"rps":["441a2428-1a0a-4cdf-b26a-f4985d823663","946c9064-0148-4f24-9dea-1f58484b2fc7","6558b5b4-f458-493f-90b6-8459c82adbff"]}}}}}},"441a2428-1a0a-4cdf-b26a-f4985d823663":{"name":"Rock","tags":[],"enabled":true,"resource_id":"441a2428-1a0a-4cdf-b26a-f4985d823663","parent":"8ed8e86c-5272-4b88-93ac-c0501d24d07e","children":[],"position":[0,0,0],"rotation":[0,0,0],"scale":[1,1,1],"components":{"element":{"enabled":true,"type":"image","anchor":[0.5,0.5,0.5,0.5],"pivot":[0.5,0.5],"text":"","key":null,"fontAsset":null,"fontSize":32,"minFontSize":8,"maxFontSize":32,"autoFitWidth":false,"autoFitHeight":false,"maxLines":null,"lineHeight":32,"wrapLines":true,"spacing":1,"color":[1,1,1],"opacity":1,"textureAsset":93455166,"spriteAsset":null,"spriteFrame":0,"pixelsPerUnit":null,"width":1000,"height":1600,"margin":[-500,-800,-500,-800],"alignment":[0.5,0.5],"outlineColor":[0,0,0,1],"outlineThickness":0,"shadowColor":[0,0,0,1],"shadowOffset":[0,0],"rect":[0,0,1,1],"materialAsset":null,"autoWidth":false,"autoHeight":false,"fitMode":"stretch","useInput":false,"batchGroupId":null,"mask":false,"layers":[4],"enableMarkup":false}}},"946c9064-0148-4f24-9dea-1f58484b2fc7":{"name":"Paper","tags":[],"enabled":true,"resource_id":"946c9064-0148-4f24-9dea-1f58484b2fc7","parent":"8ed8e86c-5272-4b88-93ac-c0501d24d07e","children":[],"position":[0,0,0],"rotation":[0,0,0],"scale":[1,1,1],"components":{"element":{"enabled":true,"type":"image","anchor":[0.5,0.5,0.5,0.5],"pivot":[0.5,0.5],"text":"","key":null,"fontAsset":null,"fontSize":32,"minFontSize":8,"maxFontSize":32,"autoFitWidth":false,"autoFitHeight":false,"maxLines":null,"lineHeight":32,"wrapLines":true,"spacing":1,"color":[1,1,1],"opacity":1,"textureAsset":93455169,"spriteAsset":null,"spriteFrame":0,"pixelsPerUnit":null,"width":1000,"height":1600,"margin":[-500,-800,-500,-800],"alignment":[0.5,0.5],"outlineColor":[0,0,0,1],"outlineThickness":0,"shadowColor":[0,0,0,1],"shadowOffset":[0,0],"rect":[0,0,1,1],"materialAsset":null,"autoWidth":false,"autoHeight":false,"fitMode":"stretch","useInput":false,"batchGroupId":null,"mask":false,"layers":[4],"enableMarkup":false}}},"6558b5b4-f458-493f-90b6-8459c82adbff":{"name":"Scissors","tags":[],"enabled":true,"resource_id":"6558b5b4-f458-493f-90b6-8459c82adbff","parent":"8ed8e86c-5272-4b88-93ac-c0501d24d07e","children":[],"position":[0,0,0],"rotation":[0,0,0],"scale":[1,1,1],"components":{"element":{"enabled":true,"type":"image","anchor":[0.5,0.5,0.5,0.5],"pivot":[0.5,0.5],"text":"","key":null,"fontAsset":null,"fontSize":32,"minFontSize":8,"maxFontSize":32,"autoFitWidth":false,"autoFitHeight":false,"maxLines":null,"lineHeight":32,"wrapLines":true,"spacing":1,"color":[1,1,1],"opacity":1,"textureAsset":93455164,"spriteAsset":null,"spriteFrame":0,"pixelsPerUnit":null,"width":1000,"height":1600,"margin":[-500,-800,-500,-800],"alignment":[0.5,0.5],"outlineColor":[0,0,0,1],"outlineThickness":0,"shadowColor":[0,0,0,1],"shadowOffset":[0,0],"rect":[0,0,1,1],"materialAsset":null,"autoWidth":false,"autoHeight":false,"fitMode":"stretch","useInput":false,"batchGroupId":null,"mask":false,"layers":[4],"enableMarkup":false}}},"98e397af-1326-4384-b67c-c698b65b76db":{"name":"ResultGroup","tags":[],"enabled":true,"resource_id":"98e397af-1326-4384-b67c-c698b65b76db","parent":"eb4a9687-637f-447c-9ce6-b669dfb91d6a","children":["0deef51c-92bd-4d1a-8247-6ebe7bc29cfb","a9796e3c-f5f5-4aa6-9381-f4d8f9f80fdf","58e35753-9073-46f7-adb1-b2f68b184ae2"],"position":[0,0,0],"rotation":[0,0,0],"scale":[1,1,1],"components":{"element":{"enabled":true,"type":"group","anchor":[0.5,0.5,0.5,0.5],"pivot":[0.5,0.5],"text":"","key":null,"fontAsset":null,"fontSize":32,"minFontSize":8,"maxFontSize":32,"autoFitWidth":false,"autoFitHeight":false,"maxLines":null,"lineHeight":32,"wrapLines":true,"spacing":1,"color":[1,1,1],"opacity":1,"textureAsset":null,"spriteAsset":null,"spriteFrame":0,"pixelsPerUnit":null,"width":1000,"height":1600,"margin":[-500,-800,-500,-800],"alignment":[0.5,0.5],"outlineColor":[0,0,0,1],"outlineThickness":0,"shadowColor":[0,0,0,1],"shadowOffset":[0,0],"rect":[0,0,1,1],"materialAsset":null,"autoWidth":false,"autoHeight":false,"fitMode":"stretch","useInput":false,"batchGroupId":null,"mask":false,"layers":[4],"enableMarkup":false},"script":{"enabled":true,"order":["resultController"],"scripts":{"resultController":{"enabled":true,"attributes":{"win":"0deef51c-92bd-4d1a-8247-6ebe7bc29cfb","lose":"a9796e3c-f5f5-4aa6-9381-f4d8f9f80fdf","draw":"58e35753-9073-46f7-adb1-b2f68b184ae2"}}}}}},"0deef51c-92bd-4d1a-8247-6ebe7bc29cfb":{"name":"Win","tags":[],"enabled":true,"resource_id":"0deef51c-92bd-4d1a-8247-6ebe7bc29cfb","parent":"98e397af-1326-4384-b67c-c698b65b76db","children":[],"position":[0,0,0],"rotation":[0,0,0],"scale":[1,1,1],"components":{"element":{"enabled":true,"type":"image","anchor":[0.5,0.5,0.5,0.5],"pivot":[0.5,0.5],"text":"","key":null,"fontAsset":null,"fontSize":32,"minFontSize":8,"maxFontSize":32,"autoFitWidth":false,"autoFitHeight":false,"maxLines":null,"lineHeight":32,"wrapLines":true,"spacing":1,"color":[1,1,1],"opacity":1,"textureAsset":94435902,"spriteAsset":null,"spriteFrame":0,"pixelsPerUnit":null,"width":1000,"height":1600,"margin":[-500,-800,-500,-800],"alignment":[0.5,0.5],"outlineColor":[0,0,0,1],"outlineThickness":0,"shadowColor":[0,0,0,1],"shadowOffset":[0,0],"rect":[0,0,1,1],"materialAsset":null,"autoWidth":false,"autoHeight":false,"fitMode":"stretch","useInput":false,"batchGroupId":null,"mask":false,"layers":[4],"enableMarkup":false}}},"a9796e3c-f5f5-4aa6-9381-f4d8f9f80fdf":{"name":"Lose","tags":[],"enabled":true,"resource_id":"a9796e3c-f5f5-4aa6-9381-f4d8f9f80fdf","parent":"98e397af-1326-4384-b67c-c698b65b76db","children":[],"position":[0,0,0],"rotation":[0,0,0],"scale":[1,1,1],"components":{"element":{"enabled":true,"type":"image","anchor":[0.5,0.5,0.5,0.5],"pivot":[0.5,0.5],"text":"","key":null,"fontAsset":null,"fontSize":32,"minFontSize":8,"maxFontSize":32,"autoFitWidth":false,"autoFitHeight":false,"maxLines":null,"lineHeight":32,"wrapLines":true,"spacing":1,"color":[1,1,1],"opacity":1,"textureAsset":94435893,"spriteAsset":null,"spriteFrame":0,"pixelsPerUnit":null,"width":1000,"height":1600,"margin":[-500,-800,-500,-800],"alignment":[0.5,0.5],"outlineColor":[0,0,0,1],"outlineThickness":0,"shadowColor":[0,0,0,1],"shadowOffset":[0,0],"rect":[0,0,1,1],"materialAsset":null,"autoWidth":false,"autoHeight":false,"fitMode":"stretch","useInput":false,"batchGroupId":null,"mask":false,"layers":[4],"enableMarkup":false}}},"58e35753-9073-46f7-adb1-b2f68b184ae2":{"name":"Draw","tags":[],"enabled":true,"resource_id":"58e35753-9073-46f7-adb1-b2f68b184ae2","parent":"98e397af-1326-4384-b67c-c698b65b76db","children":[],"position":[0,0,0],"rotation":[0,0,0],"scale":[1,1,1],"components":{"element":{"enabled":true,"type":"image","anchor":[0.5,0.5,0.5,0.5],"pivot":[0.5,0.5],"text":"","key":null,"fontAsset":null,"fontSize":32,"minFontSize":8,"maxFontSize":32,"autoFitWidth":false,"autoFitHeight":false,"maxLines":null,"lineHeight":32,"wrapLines":true,"spacing":1,"color":[1,1,1],"opacity":1,"textureAsset":94435904,"spriteAsset":null,"spriteFrame":0,"pixelsPerUnit":null,"width":1000,"height":1600,"margin":[-500,-800,-500,-800],"alignment":[0.5,0.5],"outlineColor":[0,0,0,1],"outlineThickness":0,"shadowColor":[0,0,0,1],"shadowOffset":[0,0],"rect":[0,0,1,1],"materialAsset":null,"autoWidth":false,"autoHeight":false,"fitMode":"stretch","useInput":false,"batchGroupId":null,"mask":false,"layers":[4],"enableMarkup":false}}},"1eb3c183-bd3c-4589-8a9f-f93c8d6c98cd":{"name":"Controller","tags":[],"enabled":true,"resource_id":"1eb3c183-bd3c-4589-8a9f-f93c8d6c98cd","parent":"93fdf646-033f-11ed-9a5c-3299f23ac341","children":["0dfea5a1-40fb-4969-a32f-861feddd0cbf","e1e9117a-9ddf-48d4-8348-87aa2e5e0ea7","63f8e480-0276-4309-a2b5-ca3f225112e4"],"position":[0,0,0],"rotation":[0,0,0],"scale":[1,1,1],"components":{}},"470111e3-44d9-4f62-8380-f5d4f21ba65d":{"name":"ButtonGroup","tags":[],"enabled":true,"resource_id":"470111e3-44d9-4f62-8380-f5d4f21ba65d","parent":"eb4a9687-637f-447c-9ce6-b669dfb91d6a","children":["8c139178-fb02-45aa-acf3-9c12fdf015d9","b5fb94b5-4622-406a-a18d-3925b0cf01d7","0f882342-ecfb-4c44-b968-cabd94584cb7","9f92ef8e-4c69-4ccc-99be-927a18517722"],"position":[0,0,0],"rotation":[0,0,0],"scale":[1,1,1],"components":{"element":{"enabled":true,"type":"group","anchor":[0.5,0.5,0.5,0.5],"pivot":[0.5,0.5],"text":"","key":null,"fontAsset":null,"fontSize":32,"minFontSize":8,"maxFontSize":32,"autoFitWidth":false,"autoFitHeight":false,"maxLines":null,"lineHeight":32,"wrapLines":true,"spacing":1,"color":[1,1,1],"opacity":1,"textureAsset":null,"spriteAsset":null,"spriteFrame":0,"pixelsPerUnit":null,"width":1000,"height":1600,"margin":[-500,-800,-500,-800],"alignment":[0.5,0.5],"outlineColor":[0,0,0,1],"outlineThickness":0,"shadowColor":[0,0,0,1],"shadowOffset":[0,0],"rect":[0,0,1,1],"materialAsset":null,"autoWidth":false,"autoHeight":false,"fitMode":"stretch","useInput":false,"batchGroupId":null,"mask":false,"layers":[4],"enableMarkup":false},"script":{"enabled":true,"order":["buttonController"],"scripts":{"buttonController":{"enabled":true,"attributes":{"rpsButton":["0f93a144-c9b1-4d52-a9f9-5a6c896ead4b","15085748-e195-4725-82e1-368b4d3e3407","903cde4b-600c-4954-9093-10f635e4b4c2"],"rpsNormalImage":["6a146a67-bfb9-41d2-875e-5940a97f2dbb","13f39af8-4f25-4828-b5ad-d2dfe0e4de9f","d3b775b5-e545-4324-9a97-00b82f5fc20e"],"rpsPushImage":["d06a449e-205e-4a2d-a239-231559b32fa8","02675cdc-4d04-40c5-bdf4-6cd5e39435e1","ca5ebb32-31a8-4704-af6d-a75a0b01eb8d"]}}}}}},"9f92ef8e-4c69-4ccc-99be-927a18517722":{"name":"ButtonBase","tags":[],"enabled":true,"resource_id":"9f92ef8e-4c69-4ccc-99be-927a18517722","parent":"470111e3-44d9-4f62-8380-f5d4f21ba65d","children":[],"position":[0,0,0],"rotation":[0,0,0],"scale":[1,1,1],"components":{"element":{"enabled":true,"type":"image","anchor":[0.5,0.5,0.5,0.5],"pivot":[0.5,0.5],"text":"","key":null,"fontAsset":null,"fontSize":32,"minFontSize":8,"maxFontSize":32,"autoFitWidth":false,"autoFitHeight":false,"maxLines":null,"lineHeight":32,"wrapLines":true,"spacing":1,"color":[1,1,1],"opacity":1,"textureAsset":94435899,"spriteAsset":null,"spriteFrame":0,"pixelsPerUnit":null,"width":1000,"height":1600,"margin":[-500,-800,-500,-800],"alignment":[0.5,0.5],"outlineColor":[0,0,0,1],"outlineThickness":0,"shadowColor":[0,0,0,1],"shadowOffset":[0,0],"rect":[0,0,1,1],"materialAsset":null,"autoWidth":false,"autoHeight":false,"fitMode":"stretch","useInput":false,"batchGroupId":null,"mask":false,"layers":[4],"enableMarkup":false}}},"8c139178-fb02-45aa-acf3-9c12fdf015d9":{"name":"RockButton","tags":[],"enabled":true,"resource_id":"8c139178-fb02-45aa-acf3-9c12fdf015d9","parent":"470111e3-44d9-4f62-8380-f5d4f21ba65d","children":["6a146a67-bfb9-41d2-875e-5940a97f2dbb","d06a449e-205e-4a2d-a239-231559b32fa8","0f93a144-c9b1-4d52-a9f9-5a6c896ead4b"],"position":[0,0,0],"rotation":[0,0,0],"scale":[1,1,1],"components":{"element":{"enabled":true,"type":"group","anchor":[0.5,0.5,0.5,0.5],"pivot":[0.5,0.5],"text":"","key":null,"fontAsset":null,"fontSize":32,"minFontSize":8,"maxFontSize":32,"autoFitWidth":false,"autoFitHeight":false,"maxLines":null,"lineHeight":32,"wrapLines":true,"spacing":1,"color":[1,1,1],"opacity":1,"textureAsset":null,"spriteAsset":null,"spriteFrame":0,"pixelsPerUnit":null,"width":1000,"height":1600,"margin":[-500,-800,-500,-800],"alignment":[0.5,0.5],"outlineColor":[0,0,0,1],"outlineThickness":0,"shadowColor":[0,0,0,1],"shadowOffset":[0,0],"rect":[0,0,1,1],"materialAsset":null,"autoWidth":false,"autoHeight":false,"fitMode":"stretch","useInput":false,"batchGroupId":null,"mask":false,"layers":[4],"enableMarkup":false}}},"6a146a67-bfb9-41d2-875e-5940a97f2dbb":{"name":"RNormal","tags":[],"enabled":true,"resource_id":"6a146a67-bfb9-41d2-875e-5940a97f2dbb","parent":"8c139178-fb02-45aa-acf3-9c12fdf015d9","children":[],"position":[0,0,0],"rotation":[0,0,0],"scale":[1,1,1],"components":{"element":{"enabled":true,"type":"image","anchor":[0.5,0.5,0.5,0.5],"pivot":[0.5,0.5],"text":"","key":null,"fontAsset":null,"fontSize":32,"minFontSize":8,"maxFontSize":32,"autoFitWidth":false,"autoFitHeight":false,"maxLines":null,"lineHeight":32,"wrapLines":true,"spacing":1,"color":[0.7843137254901961,0.7843137254901961,0.7843137254901961],"opacity":1,"textureAsset":94435898,"spriteAsset":null,"spriteFrame":0,"pixelsPerUnit":null,"width":1000,"height":1600,"margin":[-500,-800,-500,-800],"alignment":[0.5,0.5],"outlineColor":[0,0,0,1],"outlineThickness":0,"shadowColor":[0,0,0,1],"shadowOffset":[0,0],"rect":[0,0,1,1],"materialAsset":null,"autoWidth":false,"autoHeight":false,"fitMode":"stretch","useInput":false,"batchGroupId":null,"mask":false,"layers":[4],"enableMarkup":false}}},"d06a449e-205e-4a2d-a239-231559b32fa8":{"name":"RPush","tags":[],"enabled":false,"resource_id":"d06a449e-205e-4a2d-a239-231559b32fa8","parent":"8c139178-fb02-45aa-acf3-9c12fdf015d9","children":[],"position":[0,0,0],"rotation":[0,0,0],"scale":[1,1,1],"components":{"element":{"enabled":true,"type":"image","anchor":[0.5,0.5,0.5,0.5],"pivot":[0.5,0.5],"text":"","key":null,"fontAsset":null,"fontSize":32,"minFontSize":8,"maxFontSize":32,"autoFitWidth":false,"autoFitHeight":false,"maxLines":null,"lineHeight":32,"wrapLines":true,"spacing":1,"color":[1,1,1],"opacity":1,"textureAsset":94435900,"spriteAsset":null,"spriteFrame":0,"pixelsPerUnit":null,"width":1000,"height":1600,"margin":[-500,-800,-500,-800],"alignment":[0.5,0.5],"outlineColor":[0,0,0,1],"outlineThickness":0,"shadowColor":[0,0,0,1],"shadowOffset":[0,0],"rect":[0,0,1,1],"materialAsset":null,"autoWidth":false,"autoHeight":false,"fitMode":"stretch","useInput":false,"batchGroupId":null,"mask":false,"layers":[4],"enableMarkup":false}}},"b5fb94b5-4622-406a-a18d-3925b0cf01d7":{"name":"PaperButton","tags":[],"enabled":true,"resource_id":"b5fb94b5-4622-406a-a18d-3925b0cf01d7","parent":"470111e3-44d9-4f62-8380-f5d4f21ba65d","children":["13f39af8-4f25-4828-b5ad-d2dfe0e4de9f","02675cdc-4d04-40c5-bdf4-6cd5e39435e1","15085748-e195-4725-82e1-368b4d3e3407"],"position":[0,0,0],"rotation":[0,0,0],"scale":[1,1,1],"components":{"element":{"enabled":true,"type":"group","anchor":[0.5,0.5,0.5,0.5],"pivot":[0.5,0.5],"text":"","key":null,"fontAsset":null,"fontSize":32,"minFontSize":8,"maxFontSize":32,"autoFitWidth":false,"autoFitHeight":false,"maxLines":null,"lineHeight":32,"wrapLines":true,"spacing":1,"color":[1,1,1],"opacity":1,"textureAsset":null,"spriteAsset":null,"spriteFrame":0,"pixelsPerUnit":null,"width":1000,"height":1600,"margin":[-500,-800,-500,-800],"alignment":[0.5,0.5],"outlineColor":[0,0,0,1],"outlineThickness":0,"shadowColor":[0,0,0,1],"shadowOffset":[0,0],"rect":[0,0,1,1],"materialAsset":null,"autoWidth":false,"autoHeight":false,"fitMode":"stretch","useInput":false,"batchGroupId":null,"mask":false,"layers":[4],"enableMarkup":false}}},"13f39af8-4f25-4828-b5ad-d2dfe0e4de9f":{"name":"PNormal","tags":[],"enabled":true,"resource_id":"13f39af8-4f25-4828-b5ad-d2dfe0e4de9f","parent":"b5fb94b5-4622-406a-a18d-3925b0cf01d7","children":[],"position":[0,0,0],"rotation":[0,0,0],"scale":[1,1,1],"components":{"element":{"enabled":true,"type":"image","anchor":[0.5,0.5,0.5,0.5],"pivot":[0.5,0.5],"text":"","key":null,"fontAsset":null,"fontSize":32,"minFontSize":8,"maxFontSize":32,"autoFitWidth":false,"autoFitHeight":false,"maxLines":null,"lineHeight":32,"wrapLines":true,"spacing":1,"color":[0.7843137254901961,0.7843137254901961,0.7843137254901961],"opacity":1,"textureAsset":94435895,"spriteAsset":null,"spriteFrame":0,"pixelsPerUnit":null,"width":1000,"height":1600,"margin":[-500,-800,-500,-800],"alignment":[0.5,0.5],"outlineColor":[0,0,0,1],"outlineThickness":0,"shadowColor":[0,0,0,1],"shadowOffset":[0,0],"rect":[0,0,1,1],"materialAsset":null,"autoWidth":false,"autoHeight":false,"fitMode":"stretch","useInput":false,"batchGroupId":null,"mask":false,"layers":[4],"enableMarkup":false}}},"02675cdc-4d04-40c5-bdf4-6cd5e39435e1":{"name":"PPush","tags":[],"enabled":false,"resource_id":"02675cdc-4d04-40c5-bdf4-6cd5e39435e1","parent":"b5fb94b5-4622-406a-a18d-3925b0cf01d7","children":[],"position":[0,0,0],"rotation":[0,0,0],"scale":[1,1,1],"components":{"element":{"enabled":true,"type":"image","anchor":[0.5,0.5,0.5,0.5],"pivot":[0.5,0.5],"text":"","key":null,"fontAsset":null,"fontSize":32,"minFontSize":8,"maxFontSize":32,"autoFitWidth":false,"autoFitHeight":false,"maxLines":null,"lineHeight":32,"wrapLines":true,"spacing":1,"color":[1,1,1],"opacity":1,"textureAsset":94435896,"spriteAsset":null,"spriteFrame":0,"pixelsPerUnit":null,"width":1000,"height":1600,"margin":[-500,-800,-500,-800],"alignment":[0.5,0.5],"outlineColor":[0,0,0,1],"outlineThickness":0,"shadowColor":[0,0,0,1],"shadowOffset":[0,0],"rect":[0,0,1,1],"materialAsset":null,"autoWidth":false,"autoHeight":false,"fitMode":"stretch","useInput":false,"batchGroupId":null,"mask":false,"layers":[4],"enableMarkup":false}}},"0f882342-ecfb-4c44-b968-cabd94584cb7":{"name":"ScissorsButton","tags":[],"enabled":true,"resource_id":"0f882342-ecfb-4c44-b968-cabd94584cb7","parent":"470111e3-44d9-4f62-8380-f5d4f21ba65d","children":["d3b775b5-e545-4324-9a97-00b82f5fc20e","ca5ebb32-31a8-4704-af6d-a75a0b01eb8d","903cde4b-600c-4954-9093-10f635e4b4c2"],"position":[0,0,0],"rotation":[0,0,0],"scale":[1,1,1],"components":{"element":{"enabled":true,"type":"group","anchor":[0.5,0.5,0.5,0.5],"pivot":[0.5,0.5],"text":"","key":null,"fontAsset":null,"fontSize":32,"minFontSize":8,"maxFontSize":32,"autoFitWidth":false,"autoFitHeight":false,"maxLines":null,"lineHeight":32,"wrapLines":true,"spacing":1,"color":[1,1,1],"opacity":1,"textureAsset":null,"spriteAsset":null,"spriteFrame":0,"pixelsPerUnit":null,"width":1000,"height":1600,"margin":[-500,-800,-500,-800],"alignment":[0.5,0.5],"outlineColor":[0,0,0,1],"outlineThickness":0,"shadowColor":[0,0,0,1],"shadowOffset":[0,0],"rect":[0,0,1,1],"materialAsset":null,"autoWidth":false,"autoHeight":false,"fitMode":"stretch","useInput":false,"batchGroupId":null,"mask":false,"layers":[4],"enableMarkup":false}}},"d3b775b5-e545-4324-9a97-00b82f5fc20e":{"name":"SNormal","tags":[],"enabled":true,"resource_id":"d3b775b5-e545-4324-9a97-00b82f5fc20e","parent":"0f882342-ecfb-4c44-b968-cabd94584cb7","children":[],"position":[0,0,0],"rotation":[0,0,0],"scale":[1,1,1],"components":{"element":{"enabled":true,"type":"image","anchor":[0.5,0.5,0.5,0.5],"pivot":[0.5,0.5],"text":"","key":null,"fontAsset":null,"fontSize":32,"minFontSize":8,"maxFontSize":32,"autoFitWidth":false,"autoFitHeight":false,"maxLines":null,"lineHeight":32,"wrapLines":true,"spacing":1,"color":[0.7843137254901961,0.7843137254901961,0.7843137254901961],"opacity":1,"textureAsset":94435903,"spriteAsset":null,"spriteFrame":0,"pixelsPerUnit":null,"width":1000,"height":1600,"margin":[-500,-800,-500,-800],"alignment":[0.5,0.5],"outlineColor":[0,0,0,1],"outlineThickness":0,"shadowColor":[0,0,0,1],"shadowOffset":[0,0],"rect":[0,0,1,1],"materialAsset":null,"autoWidth":false,"autoHeight":false,"fitMode":"stretch","useInput":false,"batchGroupId":null,"mask":false,"layers":[4],"enableMarkup":false}}},"ca5ebb32-31a8-4704-af6d-a75a0b01eb8d":{"name":"SPush","tags":[],"enabled":false,"resource_id":"ca5ebb32-31a8-4704-af6d-a75a0b01eb8d","parent":"0f882342-ecfb-4c44-b968-cabd94584cb7","children":[],"position":[0,0,0],"rotation":[0,0,0],"scale":[1,1,1],"components":{"element":{"enabled":true,"type":"image","anchor":[0.5,0.5,0.5,0.5],"pivot":[0.5,0.5],"text":"","key":null,"fontAsset":null,"fontSize":32,"minFontSize":8,"maxFontSize":32,"autoFitWidth":false,"autoFitHeight":false,"maxLines":null,"lineHeight":32,"wrapLines":true,"spacing":1,"color":[1,1,1],"opacity":1,"textureAsset":94435894,"spriteAsset":null,"spriteFrame":0,"pixelsPerUnit":null,"width":1000,"height":1600,"margin":[-500,-800,-500,-800],"alignment":[0.5,0.5],"outlineColor":[0,0,0,1],"outlineThickness":0,"shadowColor":[0,0,0,1],"shadowOffset":[0,0],"rect":[0,0,1,1],"materialAsset":null,"autoWidth":false,"autoHeight":false,"fitMode":"stretch","useInput":false,"batchGroupId":null,"mask":false,"layers":[4],"enableMarkup":false}}},"0f93a144-c9b1-4d52-a9f9-5a6c896ead4b":{"name":"RButton","tags":[],"enabled":true,"resource_id":"0f93a144-c9b1-4d52-a9f9-5a6c896ead4b","parent":"8c139178-fb02-45aa-acf3-9c12fdf015d9","children":[],"position":[2.434999868273735,-277.54672775118377,0],"rotation":[0,0,0],"scale":[1,1,1],"components":{"button":{"enabled":true,"active":true,"imageEntity":"0f93a144-c9b1-4d52-a9f9-5a6c896ead4b","hitPadding":[0,0,0,0],"transitionMode":1,"hoverTint":[1,1,1,1],"pressedTint":[1,1,1,1],"inactiveTint":[1,1,1,1],"fadeDuration":0,"hoverSpriteAsset":null,"hoverSpriteFrame":0,"pressedSpriteAsset":null,"pressedSpriteFrame":0,"inactiveSpriteAsset":null,"inactiveSpriteFrame":0,"hoverTextureAsset":null,"pressedTextureAsset":null,"inactiveTextureAsset":null},"element":{"enabled":true,"type":"image","anchor":[0.5,0.5,0.5,0.5],"pivot":[0.5,0.5],"text":"","key":null,"fontAsset":null,"fontSize":32,"minFontSize":8,"maxFontSize":32,"autoFitWidth":false,"autoFitHeight":false,"maxLines":null,"lineHeight":32,"wrapLines":true,"spacing":1,"color":[1,1,1],"opacity":0,"textureAsset":null,"spriteAsset":null,"spriteFrame":0,"pixelsPerUnit":null,"width":200,"height":110,"margin":[-97.565,-332.547,-102.435,222.547],"alignment":[0.5,0.5],"outlineColor":[0,0,0,1],"outlineThickness":0,"shadowColor":[0,0,0,1],"shadowOffset":[0,0],"rect":[0,0,1,1],"materialAsset":null,"autoWidth":false,"autoHeight":false,"fitMode":"stretch","useInput":true,"batchGroupId":null,"mask":false,"layers":[4],"enableMarkup":false}}},"15085748-e195-4725-82e1-368b4d3e3407":{"name":"PButton","tags":[],"enabled":true,"resource_id":"15085748-e195-4725-82e1-368b4d3e3407","parent":"b5fb94b5-4622-406a-a18d-3925b0cf01d7","children":[],"position":[275.0780749750016,-277.5470018386841,0],"rotation":[0,0,0],"scale":[1,1,1],"components":{"button":{"enabled":true,"active":true,"imageEntity":"15085748-e195-4725-82e1-368b4d3e3407","hitPadding":[0,0,0,0],"transitionMode":1,"hoverTint":[1,1,1,1],"pressedTint":[1,1,1,1],"inactiveTint":[1,1,1,1],"fadeDuration":0,"hoverSpriteAsset":null,"hoverSpriteFrame":0,"pressedSpriteAsset":null,"pressedSpriteFrame":0,"inactiveSpriteAsset":null,"inactiveSpriteFrame":0,"hoverTextureAsset":null,"pressedTextureAsset":null,"inactiveTextureAsset":null},"element":{"enabled":true,"type":"image","anchor":[0.5,0.5,0.5,0.5],"pivot":[0.5,0.5],"text":"","key":null,"fontAsset":null,"fontSize":32,"minFontSize":8,"maxFontSize":32,"autoFitWidth":false,"autoFitHeight":false,"maxLines":null,"lineHeight":32,"wrapLines":true,"spacing":1,"color":[1,1,1],"opacity":0,"textureAsset":null,"spriteAsset":null,"spriteFrame":0,"pixelsPerUnit":null,"width":199.99999999999994,"height":110,"margin":[175.078,-332.547,-375.078,222.547],"alignment":[0.5,0.5],"outlineColor":[0,0,0,1],"outlineThickness":0,"shadowColor":[0,0,0,1],"shadowOffset":[0,0],"rect":[0,0,1,1],"materialAsset":null,"autoWidth":false,"autoHeight":false,"fitMode":"stretch","useInput":true,"batchGroupId":null,"mask":false,"layers":[4],"enableMarkup":false}}},"903cde4b-600c-4954-9093-10f635e4b4c2":{"name":"SButton","tags":[],"enabled":true,"resource_id":"903cde4b-600c-4954-9093-10f635e4b4c2","parent":"0f882342-ecfb-4c44-b968-cabd94584cb7","children":[],"position":[-282.8374676961824,-277.5470018386841,0],"rotation":[0,0,0],"scale":[1,1,1],"components":{"button":{"enabled":true,"active":true,"imageEntity":"903cde4b-600c-4954-9093-10f635e4b4c2","hitPadding":[0,0,0,0],"transitionMode":1,"hoverTint":[1,1,1,1],"pressedTint":[1,1,1,1],"inactiveTint":[1,1,1,1],"fadeDuration":0,"hoverSpriteAsset":null,"hoverSpriteFrame":0,"pressedSpriteAsset":null,"pressedSpriteFrame":0,"inactiveSpriteAsset":null,"inactiveSpriteFrame":0,"hoverTextureAsset":null,"pressedTextureAsset":null,"inactiveTextureAsset":null},"element":{"enabled":true,"type":"image","anchor":[0.5,0.5,0.5,0.5],"pivot":[0.5,0.5],"text":"","key":null,"fontAsset":null,"fontSize":32,"minFontSize":8,"maxFontSize":32,"autoFitWidth":false,"autoFitHeight":false,"maxLines":null,"lineHeight":32,"wrapLines":true,"spacing":1,"color":[1,1,1],"opacity":0,"textureAsset":null,"spriteAsset":null,"spriteFrame":0,"pixelsPerUnit":null,"width":200,"height":110,"margin":[-382.837,-332.547,182.837,222.547],"alignment":[0.5,0.5],"outlineColor":[0,0,0,1],"outlineThickness":0,"shadowColor":[0,0,0,1],"shadowOffset":[0,0],"rect":[0,0,1,1],"materialAsset":null,"autoWidth":false,"autoHeight":false,"fitMode":"stretch","useInput":true,"batchGroupId":null,"mask":false,"layers":[4],"enableMarkup":false}}},"0dfea5a1-40fb-4969-a32f-861feddd0cbf":{"name":"AudioController","tags":[],"enabled":true,"resource_id":"0dfea5a1-40fb-4969-a32f-861feddd0cbf","parent":"1eb3c183-bd3c-4589-8a9f-f93c8d6c98cd","children":["3d9ecf7e-278e-43ac-889c-d9e4e49e603b","97ba3a0c-f27c-4b89-a4bf-5eefc87a5042"],"position":[0,0,0],"rotation":[0,0,0],"scale":[1,1,1],"components":{"script":{"enabled":true,"order":["audioController"],"scripts":{"audioController":{"enabled":true,"attributes":{"soundSource":"97ba3a0c-f27c-4b89-a4bf-5eefc87a5042"}}}}}},"3d9ecf7e-278e-43ac-889c-d9e4e49e603b":{"name":"Audio Listener","tags":[],"enabled":true,"resource_id":"3d9ecf7e-278e-43ac-889c-d9e4e49e603b","parent":"0dfea5a1-40fb-4969-a32f-861feddd0cbf","children":[],"position":[0,0,0],"rotation":[0,0,0],"scale":[1,1,1],"components":{"audiolistener":{"enabled":true}}},"97ba3a0c-f27c-4b89-a4bf-5eefc87a5042":{"name":"Sound","tags":[],"enabled":true,"resource_id":"97ba3a0c-f27c-4b89-a4bf-5eefc87a5042","parent":"0dfea5a1-40fb-4969-a32f-861feddd0cbf","children":[],"position":[0,0,0],"rotation":[0,0,0],"scale":[1,1,1],"components":{"sound":{"enabled":true,"volume":1,"pitch":1,"positional":true,"refDistance":1,"maxDistance":10000,"rollOffFactor":1,"distanceModel":"linear","slots":{"1":{"name":"wld","loop":false,"autoPlay":false,"overlap":true,"asset":94579167,"startTime":0,"duration":null,"volume":1,"pitch":1.2},"2":{"name":"num","loop":false,"autoPlay":false,"overlap":true,"asset":94579167,"startTime":0,"duration":null,"volume":1,"pitch":1.4},"3":{"name":"rps","loop":false,"autoPlay":false,"overlap":true,"asset":94579167,"startTime":0,"duration":null,"volume":1,"pitch":1.6},"4":{"name":"btn","loop":false,"autoPlay":false,"overlap":true,"asset":94579167,"startTime":0,"duration":null,"volume":1,"pitch":0.8}}}}},"59804cf1-3fef-42fd-b3d2-4d0f6d1f58ee":{"name":"UserBalance","tags":[],"enabled":true,"resource_id":"59804cf1-3fef-42fd-b3d2-4d0f6d1f58ee","parent":"eb4a9687-637f-447c-9ce6-b669dfb91d6a","children":["54b95fff-6818-48ef-94a1-77a4163f0ab2","4edf04a1-1af4-4838-b238-5e459804d37b","4f127fa8-1231-4f8c-9e76-217aaba5e6c5"],"position":[0,0,0],"rotation":[0,0,0],"scale":[1,1,1],"components":{"element":{"enabled":true,"type":"group","anchor":[0.5,0.5,0.5,0.5],"pivot":[0.5,0.5],"text":"","key":null,"fontAsset":null,"fontSize":32,"minFontSize":8,"maxFontSize":32,"autoFitWidth":false,"autoFitHeight":false,"maxLines":null,"lineHeight":32,"wrapLines":true,"spacing":1,"color":[1,1,1],"opacity":1,"textureAsset":null,"spriteAsset":null,"spriteFrame":0,"pixelsPerUnit":null,"width":1000,"height":1600,"margin":[-500,-800,-500,-800],"alignment":[0.5,0.5],"outlineColor":[0,0,0,1],"outlineThickness":0,"shadowColor":[0,0,0,1],"shadowOffset":[0,0],"rect":[0,0,1,1],"materialAsset":null,"autoWidth":false,"autoHeight":false,"fitMode":"stretch","useInput":false,"batchGroupId":null,"mask":false,"layers":[4],"enableMarkup":false},"script":{"enabled":true,"order":["userBalance"],"scripts":{"userBalance":{"enabled":true,"attributes":{"userBalanceText":"4f127fa8-1231-4f8c-9e76-217aaba5e6c5","userName":"4edf04a1-1af4-4838-b238-5e459804d37b"}}}}}},"4edf04a1-1af4-4838-b238-5e459804d37b":{"name":"UserName","tags":[],"enabled":true,"resource_id":"4edf04a1-1af4-4838-b238-5e459804d37b","parent":"59804cf1-3fef-42fd-b3d2-4d0f6d1f58ee","children":[],"position":[0,-467.44390015998044,0],"rotation":[0,0,0],"scale":[1,1,1],"components":{"element":{"enabled":true,"type":"text","anchor":[0.5,0.5,0.5,0.5],"pivot":[0.5,0.5],"text":"UserName","key":null,"fontAsset":95367565,"fontSize":100,"minFontSize":8,"maxFontSize":32,"autoFitWidth":false,"autoFitHeight":false,"maxLines":null,"lineHeight":100,"wrapLines":true,"spacing":1,"color":[1,1,1],"opacity":1,"textureAsset":null,"spriteAsset":null,"spriteFrame":0,"pixelsPerUnit":null,"width":140.8,"height":18.304,"margin":[-220,-496.044,-220,438.844],"alignment":[0.5,0.5],"outlineColor":[0,0,0,1],"outlineThickness":0,"shadowColor":[0,0,0,1],"shadowOffset":[0,0],"rect":[0,0,1,1],"materialAsset":null,"autoWidth":true,"autoHeight":true,"fitMode":"stretch","useInput":false,"batchGroupId":null,"mask":false,"layers":[4],"enableMarkup":false}}},"4f127fa8-1231-4f8c-9e76-217aaba5e6c5":{"name":"Balance","tags":[],"enabled":true,"resource_id":"4f127fa8-1231-4f8c-9e76-217aaba5e6c5","parent":"59804cf1-3fef-42fd-b3d2-4d0f6d1f58ee","children":[],"position":[-44.15297508239746,717.6519902814337,0],"rotation":[0,0,0],"scale":[1,1,1],"components":{"element":{"enabled":true,"type":"text","anchor":[1,0.5,1,0.5],"pivot":[1,0.5],"text":"100000","key":null,"fontAsset":95367565,"fontSize":90,"minFontSize":8,"maxFontSize":32,"autoFitWidth":false,"autoFitHeight":false,"maxLines":null,"lineHeight":90,"wrapLines":true,"spacing":1,"color":[1,1,1],"opacity":1,"textureAsset":null,"spriteAsset":null,"spriteFrame":0,"pixelsPerUnit":null,"width":297,"height":51.48,"margin":[-341.153,691.912,44.153,-743.392],"alignment":[0,0.5],"outlineColor":[0,0,0,1],"outlineThickness":0,"shadowColor":[0,0,0,1],"shadowOffset":[0,0],"rect":[0,0,1,1],"materialAsset":null,"autoWidth":true,"autoHeight":true,"fitMode":"stretch","useInput":false,"batchGroupId":null,"mask":false,"layers":[4],"enableMarkup":false}}},"e1e9117a-9ddf-48d4-8348-87aa2e5e0ea7":{"name":"GameController","tags":[],"enabled":true,"resource_id":"e1e9117a-9ddf-48d4-8348-87aa2e5e0ea7","parent":"1eb3c183-bd3c-4589-8a9f-f93c8d6c98cd","children":[],"position":[0,0,0],"rotation":[0,0,0],"scale":[1,1,1],"components":{"script":{"enabled":true,"order":["gameController"],"scripts":{"gameController":{"enabled":true,"attributes":{}}}}}},"63f8e480-0276-4309-a2b5-ca3f225112e4":{"name":"DummyServer","tags":[],"enabled":true,"resource_id":"63f8e480-0276-4309-a2b5-ca3f225112e4","parent":"1eb3c183-bd3c-4589-8a9f-f93c8d6c98cd","children":[],"position":[0,0,0],"rotation":[0,0,0],"scale":[1,1,1],"components":{"script":{"enabled":true,"order":["dummyServer"],"scripts":{"dummyServer":{"enabled":true,"attributes":{}}}}}},"54b95fff-6818-48ef-94a1-77a4163f0ab2":{"name":"Balance","tags":[],"enabled":true,"resource_id":"54b95fff-6818-48ef-94a1-77a4163f0ab2","parent":"59804cf1-3fef-42fd-b3d2-4d0f6d1f58ee","children":[],"position":[0,0,0],"rotation":[0,0,0],"scale":[1,1,1],"components":{"element":{"enabled":true,"type":"image","anchor":[0.5,0.5,0.5,0.5],"pivot":[0.5,0.5],"text":"","key":null,"fontAsset":94579393,"fontSize":32,"minFontSize":8,"maxFontSize":32,"autoFitWidth":false,"autoFitHeight":false,"maxLines":null,"lineHeight":32,"wrapLines":true,"spacing":1,"color":[1,1,1],"opacity":1,"textureAsset":94435897,"spriteAsset":null,"spriteFrame":0,"pixelsPerUnit":null,"width":1000,"height":1600,"margin":[-500,-800,-500,-800],"alignment":[0.5,0.5],"outlineColor":[0,0,0,1],"outlineThickness":0,"shadowColor":[0,0,0,1],"shadowOffset":[0,0],"rect":[0,0,1,1],"materialAsset":null,"autoWidth":false,"autoHeight":false,"fitMode":"stretch","useInput":false,"batchGroupId":null,"mask":false,"layers":[4],"enableMarkup":false}}},"333b0153-211f-4351-bfc3-d38ae3a28b9f":{"name":"SoundButton","tags":[],"enabled":true,"resource_id":"333b0153-211f-4351-bfc3-d38ae3a28b9f","parent":"eb4a9687-637f-447c-9ce6-b669dfb91d6a","children":["964b42e0-9ff0-4293-af97-2e9dca5246d2"],"position":[-436.46583137688816,-484.37795639038086,0],"rotation":[0,0,0],"scale":[1,1,1],"components":{"element":{"enabled":true,"type":"group","anchor":[0.5,0.5,0.5,0.5],"pivot":[0.5,0.5],"text":"","key":null,"fontAsset":null,"fontSize":32,"minFontSize":8,"maxFontSize":32,"autoFitWidth":false,"autoFitHeight":false,"maxLines":null,"lineHeight":32,"wrapLines":true,"spacing":1,"color":[1,1,1],"opacity":1,"textureAsset":null,"spriteAsset":null,"spriteFrame":0,"pixelsPerUnit":null,"width":32,"height":32,"margin":[-452.466,-500.378,420.466,468.378],"alignment":[0.5,0.5],"outlineColor":[0,0,0,1],"outlineThickness":0,"shadowColor":[0,0,0,1],"shadowOffset":[0,0],"rect":[0,0,1,1],"materialAsset":null,"autoWidth":false,"autoHeight":false,"fitMode":"stretch","useInput":false,"batchGroupId":null,"mask":false,"layers":[4],"enableMarkup":false}}},"964b42e0-9ff0-4293-af97-2e9dca5246d2":{"name":"Button","tags":[],"enabled":true,"resource_id":"964b42e0-9ff0-4293-af97-2e9dca5246d2","parent":"333b0153-211f-4351-bfc3-d38ae3a28b9f","children":["f0bded3a-af52-47fc-9b27-4cd39e827c46","c7fd3db2-9219-4195-aa10-d0e02e7dcce4"],"position":[0,0,0],"rotation":[0,0,0],"scale":[1,1,1],"components":{"button":{"enabled":true,"active":true,"imageEntity":"964b42e0-9ff0-4293-af97-2e9dca5246d2","hitPadding":[0,0,0,0],"transitionMode":0,"hoverTint":[1,1,1,1],"pressedTint":[1,1,1,1],"inactiveTint":[1,1,1,1],"fadeDuration":0,"hoverSpriteAsset":null,"hoverSpriteFrame":0,"pressedSpriteAsset":null,"pressedSpriteFrame":0,"inactiveSpriteAsset":null,"inactiveSpriteFrame":0,"hoverTextureAsset":null,"pressedTextureAsset":null,"inactiveTextureAsset":null},"element":{"enabled":true,"type":"image","anchor":[0.5,0.5,0.5,0.5],"pivot":[0.5,0.5],"text":"","key":null,"fontAsset":null,"fontSize":32,"minFontSize":8,"maxFontSize":32,"autoFitWidth":false,"autoFitHeight":false,"maxLines":null,"lineHeight":32,"wrapLines":true,"spacing":1,"color":[1,1,1],"opacity":1,"textureAsset":98250243,"spriteAsset":null,"spriteFrame":0,"pixelsPerUnit":null,"width":120,"height":120,"margin":[-60,-60,-60,-60],"alignment":[0.5,0.5],"outlineColor":[0,0,0,1],"outlineThickness":0,"shadowColor":[0,0,0,1],"shadowOffset":[0,0],"rect":[0,0,1,1],"materialAsset":null,"autoWidth":false,"autoHeight":false,"fitMode":"stretch","useInput":true,"batchGroupId":null,"mask":false,"layers":[4],"enableMarkup":false},"script":{"enabled":true,"order":["soundButton"],"scripts":{"soundButton":{"enabled":true,"attributes":{"onImg":"f0bded3a-af52-47fc-9b27-4cd39e827c46","offImg":"c7fd3db2-9219-4195-aa10-d0e02e7dcce4"}}}}}},"f0bded3a-af52-47fc-9b27-4cd39e827c46":{"name":"On","tags":[],"enabled":false,"resource_id":"f0bded3a-af52-47fc-9b27-4cd39e827c46","parent":"964b42e0-9ff0-4293-af97-2e9dca5246d2","children":[],"position":[0,0,0],"rotation":[0,0,0],"scale":[1,1,1],"components":{"element":{"enabled":true,"type":"image","anchor":[0.5,0.5,0.5,0.5],"pivot":[0.5,0.5],"text":"","key":null,"fontAsset":null,"fontSize":32,"minFontSize":8,"maxFontSize":32,"autoFitWidth":false,"autoFitHeight":false,"maxLines":null,"lineHeight":32,"wrapLines":true,"spacing":1,"color":[1,1,1],"opacity":1,"textureAsset":98250241,"spriteAsset":null,"spriteFrame":0,"pixelsPerUnit":null,"width":105,"height":59,"margin":[-52.5,-29.5,-52.5,-29.5],"alignment":[0.5,0.5],"outlineColor":[0,0,0,1],"outlineThickness":0,"shadowColor":[0,0,0,1],"shadowOffset":[0,0],"rect":[0,0,1,1],"materialAsset":null,"autoWidth":false,"autoHeight":false,"fitMode":"stretch","useInput":false,"batchGroupId":null,"mask":false,"layers":[4],"enableMarkup":false}}},"c7fd3db2-9219-4195-aa10-d0e02e7dcce4":{"name":"Off","tags":[],"enabled":true,"resource_id":"c7fd3db2-9219-4195-aa10-d0e02e7dcce4","parent":"964b42e0-9ff0-4293-af97-2e9dca5246d2","children":[],"position":[0,0,0],"rotation":[0,0,0],"scale":[1,1,1],"components":{"element":{"enabled":true,"type":"image","anchor":[0.5,0.5,0.5,0.5],"pivot":[0.5,0.5],"text":"","key":null,"fontAsset":null,"fontSize":32,"minFontSize":8,"maxFontSize":32,"autoFitWidth":false,"autoFitHeight":false,"maxLines":null,"lineHeight":32,"wrapLines":true,"spacing":1,"color":[1,1,1],"opacity":1,"textureAsset":98250242,"spriteAsset":null,"spriteFrame":0,"pixelsPerUnit":null,"width":105,"height":59,"margin":[-52.5,-29.5,-52.5,-29.5],"alignment":[0.5,0.5],"outlineColor":[0,0,0,1],"outlineThickness":0,"shadowColor":[0,0,0,1],"shadowOffset":[0,0],"rect":[0,0,1,1],"materialAsset":null,"autoWidth":false,"autoHeight":false,"fitMode":"stretch","useInput":false,"batchGroupId":null,"mask":false,"layers":[4],"enableMarkup":false}}},"265668b4-9274-4b27-ae11-143221603b19":{"name":"BetController","tags":[],"enabled":true,"resource_id":"265668b4-9274-4b27-ae11-143221603b19","parent":"eb4a9687-637f-447c-9ce6-b669dfb91d6a","children":["71f58cf0-ce75-4209-90fe-dc085b794ca1"],"position":[-59.782999753952026,-653.7206001947359,0],"rotation":[0,0,0],"scale":[1.3,1.3,13],"components":{"element":{"enabled":true,"type":"group","anchor":[0.5,0.5,0.5,0.5],"pivot":[0.5,0.5],"text":"","key":null,"fontAsset":null,"fontSize":32,"minFontSize":8,"maxFontSize":32,"autoFitWidth":false,"autoFitHeight":false,"maxLines":null,"lineHeight":32,"wrapLines":true,"spacing":1,"color":[1,1,1],"opacity":1,"textureAsset":null,"spriteAsset":null,"spriteFrame":0,"pixelsPerUnit":null,"width":500,"height":180,"margin":[-309.783,-743.721,-190.217,563.721],"alignment":[0.5,0.5],"outlineColor":[0,0,0,1],"outlineThickness":0,"shadowColor":[0,0,0,1],"shadowOffset":[0,0],"rect":[0,0,1,1],"materialAsset":null,"autoWidth":false,"autoHeight":false,"fitMode":"stretch","useInput":false,"batchGroupId":null,"mask":false,"layers":[4],"enableMarkup":false},"script":{"enabled":true,"order":["betController"],"scripts":{"betController":{"enabled":true,"attributes":{"betButton":["d7af2e24-e973-4ad9-bb29-28ab32104e53","6a2b2344-875c-43a6-b990-c11db39d464f","a0a47b81-2b84-4760-99de-196d99d99c0a","9097c5a7-7af1-42a3-8545-6d626aeb4b19","76fe7733-8c63-47c8-ac42-083c1c66bbc0","cd7b8ae0-12eb-4cb4-a39e-b990c1165910"],"okButton":null,"cancelButton":null}}}}}},"71f58cf0-ce75-4209-90fe-dc085b794ca1":{"name":"BackGround","tags":[],"enabled":true,"resource_id":"71f58cf0-ce75-4209-90fe-dc085b794ca1","parent":"265668b4-9274-4b27-ae11-143221603b19","children":["d7af2e24-e973-4ad9-bb29-28ab32104e53","6a2b2344-875c-43a6-b990-c11db39d464f","a0a47b81-2b84-4760-99de-196d99d99c0a","9097c5a7-7af1-42a3-8545-6d626aeb4b19","76fe7733-8c63-47c8-ac42-083c1c66bbc0","cd7b8ae0-12eb-4cb4-a39e-b990c1165910"],"position":[0,0,0],"rotation":[0,0,0],"scale":[1,1,1],"components":{"element":{"enabled":true,"type":"image","anchor":[0.5,0.5,0.5,0.5],"pivot":[0.5,0.5],"text":"","key":null,"fontAsset":null,"fontSize":32,"minFontSize":8,"maxFontSize":32,"autoFitWidth":false,"autoFitHeight":false,"maxLines":null,"lineHeight":32,"wrapLines":true,"spacing":1,"color":[0.16470588235294117,0.16470588235294117,0.16470588235294117],"opacity":0.367,"textureAsset":null,"spriteAsset":null,"spriteFrame":0,"pixelsPerUnit":null,"width":500,"height":180,"margin":[-250,-90,-250,-90],"alignment":[0.5,0.5],"outlineColor":[0,0,0,1],"outlineThickness":0,"shadowColor":[0,0,0,1],"shadowOffset":[0,0],"rect":[0,0,1,1],"materialAsset":null,"autoWidth":false,"autoHeight":false,"fitMode":"stretch","useInput":false,"batchGroupId":null,"mask":false,"layers":[4],"enableMarkup":false}}},"d7af2e24-e973-4ad9-bb29-28ab32104e53":{"name":"Button","tags":[],"enabled":true,"resource_id":"d7af2e24-e973-4ad9-bb29-28ab32104e53","parent":"71f58cf0-ce75-4209-90fe-dc085b794ca1","children":["54c73857-df6d-4961-828d-ee0c61b30402"],"position":[-160.593,60,0],"rotation":[0,0,0],"scale":[1,1,1],"components":{"button":{"enabled":true,"active":true,"imageEntity":"d7af2e24-e973-4ad9-bb29-28ab32104e53","hitPadding":[0,0,0,0],"transitionMode":0,"hoverTint":[0.8470588235294118,0.8352941176470589,0.8352941176470589,1],"pressedTint":[0.8470588235294118,0.8352941176470589,0.8352941176470589,1],"inactiveTint":[0.8470588235294118,0.8352941176470589,0.8352941176470589,1],"fadeDuration":0,"hoverSpriteAsset":null,"hoverSpriteFrame":0,"pressedSpriteAsset":null,"pressedSpriteFrame":0,"inactiveSpriteAsset":null,"inactiveSpriteFrame":0,"hoverTextureAsset":null,"pressedTextureAsset":null,"inactiveTextureAsset":null},"element":{"enabled":true,"type":"image","anchor":[0.5,0.5,0.5,0.5],"pivot":[0.5,0.5],"text":"","key":null,"fontAsset":null,"fontSize":32,"minFontSize":8,"maxFontSize":32,"autoFitWidth":false,"autoFitHeight":false,"maxLines":null,"lineHeight":32,"wrapLines":true,"spacing":1,"color":[0.5019607843137255,0.5019607843137255,0.5019607843137255],"opacity":1,"textureAsset":98249946,"spriteAsset":null,"spriteFrame":0,"pixelsPerUnit":null,"width":140,"height":50,"margin":[-230.593,35,90.593,-85],"alignment":[0.5,0.5],"outlineColor":[0,0,0,1],"outlineThickness":0,"shadowColor":[0,0,0,1],"shadowOffset":[0,0],"rect":[0,0,1,1],"materialAsset":null,"autoWidth":false,"autoHeight":false,"fitMode":"stretch","useInput":true,"batchGroupId":null,"mask":false,"layers":[4],"enableMarkup":false},"script":{"enabled":true,"order":["numButton"],"scripts":{"numButton":{"enabled":true,"attributes":{"betAmount":100}}}}}},"54c73857-df6d-4961-828d-ee0c61b30402":{"name":"Text","tags":[],"enabled":true,"resource_id":"54c73857-df6d-4961-828d-ee0c61b30402","parent":"d7af2e24-e973-4ad9-bb29-28ab32104e53","children":[],"position":[0,0,0],"rotation":[0,0,0],"scale":[1,1,1],"components":{"element":{"enabled":true,"type":"text","anchor":[0,0,1,1],"pivot":[0.5,0.5],"text":"Text","key":null,"fontAsset":95367565,"fontSize":32,"minFontSize":8,"maxFontSize":32,"autoFitWidth":true,"autoFitHeight":true,"maxLines":null,"lineHeight":32,"wrapLines":true,"spacing":1,"color":[0,0,0],"opacity":1,"textureAsset":null,"spriteAsset":null,"spriteFrame":0,"pixelsPerUnit":null,"width":32,"height":32,"margin":[0,0,0,0],"alignment":[0.5,0.5],"outlineColor":[0,0,0,1],"outlineThickness":0,"shadowColor":[0,0,0,1],"shadowOffset":[0,0],"rect":[0,0,1,1],"materialAsset":null,"autoWidth":false,"autoHeight":false,"fitMode":"stretch","useInput":false,"batchGroupId":null,"mask":false,"layers":[4],"enableMarkup":false}}},"6a2b2344-875c-43a6-b990-c11db39d464f":{"name":"Button","tags":[],"enabled":true,"resource_id":"6a2b2344-875c-43a6-b990-c11db39d464f","parent":"71f58cf0-ce75-4209-90fe-dc085b794ca1","children":["8b3a7788-5641-48f5-8d1b-4ddf621dd2ab"],"position":[0,60,0],"rotation":[0,0,0],"scale":[1,1,1],"components":{"button":{"enabled":true,"active":true,"imageEntity":"6a2b2344-875c-43a6-b990-c11db39d464f","hitPadding":[0,0,0,0],"transitionMode":0,"hoverTint":[0.8470588235294118,0.8352941176470589,0.8352941176470589,1],"pressedTint":[0.8470588235294118,0.8352941176470589,0.8352941176470589,1],"inactiveTint":[0.8470588235294118,0.8352941176470589,0.8352941176470589,1],"fadeDuration":0,"hoverSpriteAsset":null,"hoverSpriteFrame":0,"pressedSpriteAsset":null,"pressedSpriteFrame":0,"inactiveSpriteAsset":null,"inactiveSpriteFrame":0,"hoverTextureAsset":null,"pressedTextureAsset":null,"inactiveTextureAsset":null},"element":{"enabled":true,"type":"image","anchor":[0.5,0.5,0.5,0.5],"pivot":[0.5,0.5],"text":"","key":null,"fontAsset":null,"fontSize":32,"minFontSize":8,"maxFontSize":32,"autoFitWidth":false,"autoFitHeight":false,"maxLines":null,"lineHeight":32,"wrapLines":true,"spacing":1,"color":[0.5019607843137255,0.5019607843137255,0.5019607843137255],"opacity":1,"textureAsset":98249946,"spriteAsset":null,"spriteFrame":0,"pixelsPerUnit":null,"width":140,"height":50,"margin":[-70,35,-70,-85],"alignment":[0.5,0.5],"outlineColor":[0,0,0,1],"outlineThickness":0,"shadowColor":[0,0,0,1],"shadowOffset":[0,0],"rect":[0,0,1,1],"materialAsset":null,"autoWidth":false,"autoHeight":false,"fitMode":"stretch","useInput":true,"batchGroupId":null,"mask":false,"layers":[4],"enableMarkup":false},"script":{"enabled":true,"order":["numButton"],"scripts":{"numButton":{"enabled":true,"attributes":{"betAmount":200}}}}}},"8b3a7788-5641-48f5-8d1b-4ddf621dd2ab":{"name":"Text","tags":[],"enabled":true,"resource_id":"8b3a7788-5641-48f5-8d1b-4ddf621dd2ab","parent":"6a2b2344-875c-43a6-b990-c11db39d464f","children":[],"position":[59.999999999999986,30,0],"rotation":[0,0,0],"scale":[1,1,1],"components":{"element":{"enabled":true,"type":"text","anchor":[0,0,1,1],"pivot":[0.5,0.5],"text":"Text","key":null,"fontAsset":95367565,"fontSize":32,"minFontSize":8,"maxFontSize":32,"autoFitWidth":true,"autoFitHeight":true,"maxLines":null,"lineHeight":32,"wrapLines":true,"spacing":1,"color":[0,0,0],"opacity":1,"textureAsset":null,"spriteAsset":null,"spriteFrame":0,"pixelsPerUnit":null,"width":32,"height":32,"margin":[0,0,0,0],"alignment":[0.5,0.5],"outlineColor":[0,0,0,1],"outlineThickness":0,"shadowColor":[0,0,0,1],"shadowOffset":[0,0],"rect":[0,0,1,1],"materialAsset":null,"autoWidth":false,"autoHeight":false,"fitMode":"stretch","useInput":false,"batchGroupId":null,"mask":false,"layers":[4],"enableMarkup":false}}},"a0a47b81-2b84-4760-99de-196d99d99c0a":{"name":"Button","tags":[],"enabled":true,"resource_id":"a0a47b81-2b84-4760-99de-196d99d99c0a","parent":"71f58cf0-ce75-4209-90fe-dc085b794ca1","children":["0ceb6059-8ae9-41e3-a00c-2cd76e03ef08"],"position":[160.593,60,0],"rotation":[0,0,0],"scale":[1,1,1],"components":{"button":{"enabled":true,"active":true,"imageEntity":"a0a47b81-2b84-4760-99de-196d99d99c0a","hitPadding":[0,0,0,0],"transitionMode":0,"hoverTint":[0.8470588235294118,0.8352941176470589,0.8352941176470589,1],"pressedTint":[0.8470588235294118,0.8352941176470589,0.8352941176470589,1],"inactiveTint":[0.8470588235294118,0.8352941176470589,0.8352941176470589,1],"fadeDuration":0,"hoverSpriteAsset":null,"hoverSpriteFrame":0,"pressedSpriteAsset":null,"pressedSpriteFrame":0,"inactiveSpriteAsset":null,"inactiveSpriteFrame":0,"hoverTextureAsset":null,"pressedTextureAsset":null,"inactiveTextureAsset":null},"element":{"enabled":true,"type":"image","anchor":[0.5,0.5,0.5,0.5],"pivot":[0.5,0.5],"text":"","key":null,"fontAsset":null,"fontSize":32,"minFontSize":8,"maxFontSize":32,"autoFitWidth":false,"autoFitHeight":false,"maxLines":null,"lineHeight":32,"wrapLines":true,"spacing":1,"color":[0.5019607843137255,0.5019607843137255,0.5019607843137255],"opacity":1,"textureAsset":98249946,"spriteAsset":null,"spriteFrame":0,"pixelsPerUnit":null,"width":140,"height":50,"margin":[90.593,35,-230.593,-85],"alignment":[0.5,0.5],"outlineColor":[0,0,0,1],"outlineThickness":0,"shadowColor":[0,0,0,1],"shadowOffset":[0,0],"rect":[0,0,1,1],"materialAsset":null,"autoWidth":false,"autoHeight":false,"fitMode":"stretch","useInput":true,"batchGroupId":null,"mask":false,"layers":[4],"enableMarkup":false},"script":{"enabled":true,"order":["numButton"],"scripts":{"numButton":{"enabled":true,"attributes":{"betAmount":400}}}}}},"0ceb6059-8ae9-41e3-a00c-2cd76e03ef08":{"name":"Text","tags":[],"enabled":true,"resource_id":"0ceb6059-8ae9-41e3-a00c-2cd76e03ef08","parent":"a0a47b81-2b84-4760-99de-196d99d99c0a","children":[],"position":[0,0,0],"rotation":[0,0,0],"scale":[1,1,1],"components":{"element":{"enabled":true,"type":"text","anchor":[0,0,1,1],"pivot":[0.5,0.5],"text":"Text","key":null,"fontAsset":95367565,"fontSize":32,"minFontSize":8,"maxFontSize":32,"autoFitWidth":true,"autoFitHeight":true,"maxLines":null,"lineHeight":32,"wrapLines":true,"spacing":1,"color":[0,0,0],"opacity":1,"textureAsset":null,"spriteAsset":null,"spriteFrame":0,"pixelsPerUnit":null,"width":32,"height":32,"margin":[0,0,0,0],"alignment":[0.5,0.5],"outlineColor":[0,0,0,1],"outlineThickness":0,"shadowColor":[0,0,0,1],"shadowOffset":[0,0],"rect":[0,0,1,1],"materialAsset":null,"autoWidth":false,"autoHeight":false,"fitMode":"stretch","useInput":false,"batchGroupId":null,"mask":false,"layers":[4],"enableMarkup":false}}},"9097c5a7-7af1-42a3-8545-6d626aeb4b19":{"name":"Button","tags":[],"enabled":true,"resource_id":"9097c5a7-7af1-42a3-8545-6d626aeb4b19","parent":"71f58cf0-ce75-4209-90fe-dc085b794ca1","children":["36b833fd-48a7-4074-996e-2a577b94c142"],"position":[-160.593,0,0],"rotation":[0,0,0],"scale":[1,1,1],"components":{"button":{"enabled":true,"active":true,"imageEntity":"9097c5a7-7af1-42a3-8545-6d626aeb4b19","hitPadding":[0,0,0,0],"transitionMode":0,"hoverTint":[0.8470588235294118,0.8352941176470589,0.8352941176470589,1],"pressedTint":[0.8470588235294118,0.8352941176470589,0.8352941176470589,1],"inactiveTint":[0.8470588235294118,0.8352941176470589,0.8352941176470589,1],"fadeDuration":0,"hoverSpriteAsset":null,"hoverSpriteFrame":0,"pressedSpriteAsset":null,"pressedSpriteFrame":0,"inactiveSpriteAsset":null,"inactiveSpriteFrame":0,"hoverTextureAsset":null,"pressedTextureAsset":null,"inactiveTextureAsset":null},"element":{"enabled":true,"type":"image","anchor":[0.5,0.5,0.5,0.5],"pivot":[0.5,0.5],"text":"","key":null,"fontAsset":null,"fontSize":32,"minFontSize":8,"maxFontSize":32,"autoFitWidth":false,"autoFitHeight":false,"maxLines":null,"lineHeight":32,"wrapLines":true,"spacing":1,"color":[0.5019607843137255,0.5019607843137255,0.5019607843137255],"opacity":1,"textureAsset":98249946,"spriteAsset":null,"spriteFrame":0,"pixelsPerUnit":null,"width":140,"height":50,"margin":[-230.593,-25,90.593,-25],"alignment":[0.5,0.5],"outlineColor":[0,0,0,1],"outlineThickness":0,"shadowColor":[0,0,0,1],"shadowOffset":[0,0],"rect":[0,0,1,1],"materialAsset":null,"autoWidth":false,"autoHeight":false,"fitMode":"stretch","useInput":true,"batchGroupId":null,"mask":false,"layers":[4],"enableMarkup":false},"script":{"enabled":true,"order":["numButton"],"scripts":{"numButton":{"enabled":true,"attributes":{"betAmount":600}}}}}},"36b833fd-48a7-4074-996e-2a577b94c142":{"name":"Text","tags":[],"enabled":true,"resource_id":"36b833fd-48a7-4074-996e-2a577b94c142","parent":"9097c5a7-7af1-42a3-8545-6d626aeb4b19","children":[],"position":[0,0,0],"rotation":[0,0,0],"scale":[1,1,1],"components":{"element":{"enabled":true,"type":"text","anchor":[0,0,1,1],"pivot":[0.5,0.5],"text":"Text","key":null,"fontAsset":95367565,"fontSize":32,"minFontSize":8,"maxFontSize":32,"autoFitWidth":true,"autoFitHeight":true,"maxLines":null,"lineHeight":32,"wrapLines":true,"spacing":1,"color":[0,0,0],"opacity":1,"textureAsset":null,"spriteAsset":null,"spriteFrame":0,"pixelsPerUnit":null,"width":32,"height":32,"margin":[0,0,0,0],"alignment":[0.5,0.5],"outlineColor":[0,0,0,1],"outlineThickness":0,"shadowColor":[0,0,0,1],"shadowOffset":[0,0],"rect":[0,0,1,1],"materialAsset":null,"autoWidth":false,"autoHeight":false,"fitMode":"stretch","useInput":false,"batchGroupId":null,"mask":false,"layers":[4],"enableMarkup":false}}},"76fe7733-8c63-47c8-ac42-083c1c66bbc0":{"name":"Button","tags":[],"enabled":true,"resource_id":"76fe7733-8c63-47c8-ac42-083c1c66bbc0","parent":"71f58cf0-ce75-4209-90fe-dc085b794ca1","children":["7b6b6e8d-fe0b-4aea-9fb7-e2493a327229"],"position":[0,0,0],"rotation":[0,0,0],"scale":[1,1,1],"components":{"button":{"enabled":true,"active":true,"imageEntity":"76fe7733-8c63-47c8-ac42-083c1c66bbc0","hitPadding":[0,0,0,0],"transitionMode":0,"hoverTint":[0.8470588235294118,0.8352941176470589,0.8352941176470589,1],"pressedTint":[0.8470588235294118,0.8352941176470589,0.8352941176470589,1],"inactiveTint":[0.8470588235294118,0.8352941176470589,0.8352941176470589,1],"fadeDuration":0,"hoverSpriteAsset":null,"hoverSpriteFrame":0,"pressedSpriteAsset":null,"pressedSpriteFrame":0,"inactiveSpriteAsset":null,"inactiveSpriteFrame":0,"hoverTextureAsset":null,"pressedTextureAsset":null,"inactiveTextureAsset":null},"element":{"enabled":true,"type":"image","anchor":[0.5,0.5,0.5,0.5],"pivot":[0.5,0.5],"text":"","key":null,"fontAsset":null,"fontSize":32,"minFontSize":8,"maxFontSize":32,"autoFitWidth":false,"autoFitHeight":false,"maxLines":null,"lineHeight":32,"wrapLines":true,"spacing":1,"color":[0.5019607843137255,0.5019607843137255,0.5019607843137255],"opacity":1,"textureAsset":98249946,"spriteAsset":null,"spriteFrame":0,"pixelsPerUnit":null,"width":140,"height":50,"margin":[-70,-25,-70,-25],"alignment":[0.5,0.5],"outlineColor":[0,0,0,1],"outlineThickness":0,"shadowColor":[0,0,0,1],"shadowOffset":[0,0],"rect":[0,0,1,1],"materialAsset":null,"autoWidth":false,"autoHeight":false,"fitMode":"stretch","useInput":true,"batchGroupId":null,"mask":false,"layers":[4],"enableMarkup":false},"script":{"enabled":true,"order":["numButton"],"scripts":{"numButton":{"enabled":true,"attributes":{"betAmount":800}}}}}},"7b6b6e8d-fe0b-4aea-9fb7-e2493a327229":{"name":"Text","tags":[],"enabled":true,"resource_id":"7b6b6e8d-fe0b-4aea-9fb7-e2493a327229","parent":"76fe7733-8c63-47c8-ac42-083c1c66bbc0","children":[],"position":[0,0,0],"rotation":[0,0,0],"scale":[1,1,1],"components":{"element":{"enabled":true,"type":"text","anchor":[0,0,1,1],"pivot":[0.5,0.5],"text":"Text","key":null,"fontAsset":95367565,"fontSize":32,"minFontSize":8,"maxFontSize":32,"autoFitWidth":true,"autoFitHeight":true,"maxLines":null,"lineHeight":32,"wrapLines":true,"spacing":1,"color":[0,0,0],"opacity":1,"textureAsset":null,"spriteAsset":null,"spriteFrame":0,"pixelsPerUnit":null,"width":32,"height":32,"margin":[0,0,0,0],"alignment":[0.5,0.5],"outlineColor":[0,0,0,1],"outlineThickness":0,"shadowColor":[0,0,0,1],"shadowOffset":[0,0],"rect":[0,0,1,1],"materialAsset":null,"autoWidth":false,"autoHeight":false,"fitMode":"stretch","useInput":false,"batchGroupId":null,"mask":false,"layers":[4],"enableMarkup":false}}},"cd7b8ae0-12eb-4cb4-a39e-b990c1165910":{"name":"Button","tags":[],"enabled":true,"resource_id":"cd7b8ae0-12eb-4cb4-a39e-b990c1165910","parent":"71f58cf0-ce75-4209-90fe-dc085b794ca1","children":["911dd098-d8ff-4da0-819d-a591ed9f7df1"],"position":[160.593,0,0],"rotation":[0,0,0],"scale":[1,1,1],"components":{"button":{"enabled":true,"active":true,"imageEntity":"cd7b8ae0-12eb-4cb4-a39e-b990c1165910","hitPadding":[0,0,0,0],"transitionMode":0,"hoverTint":[0.8470588235294118,0.8352941176470589,0.8352941176470589,1],"pressedTint":[0.8470588235294118,0.8352941176470589,0.8352941176470589,1],"inactiveTint":[0.8470588235294118,0.8352941176470589,0.8352941176470589,1],"fadeDuration":0,"hoverSpriteAsset":null,"hoverSpriteFrame":0,"pressedSpriteAsset":null,"pressedSpriteFrame":0,"inactiveSpriteAsset":null,"inactiveSpriteFrame":0,"hoverTextureAsset":null,"pressedTextureAsset":null,"inactiveTextureAsset":null},"element":{"enabled":true,"type":"image","anchor":[0.5,0.5,0.5,0.5],"pivot":[0.5,0.5],"text":"","key":null,"fontAsset":null,"fontSize":32,"minFontSize":8,"maxFontSize":32,"autoFitWidth":false,"autoFitHeight":false,"maxLines":null,"lineHeight":32,"wrapLines":true,"spacing":1,"color":[0.5019607843137255,0.5019607843137255,0.5019607843137255],"opacity":1,"textureAsset":98249946,"spriteAsset":null,"spriteFrame":0,"pixelsPerUnit":null,"width":140,"height":50,"margin":[90.593,-25,-230.593,-25],"alignment":[0.5,0.5],"outlineColor":[0,0,0,1],"outlineThickness":0,"shadowColor":[0,0,0,1],"shadowOffset":[0,0],"rect":[0,0,1,1],"materialAsset":null,"autoWidth":false,"autoHeight":false,"fitMode":"stretch","useInput":true,"batchGroupId":null,"mask":false,"layers":[4],"enableMarkup":false},"script":{"enabled":true,"order":["numButton"],"scripts":{"numButton":{"enabled":true,"attributes":{"betAmount":1000}}}}}},"911dd098-d8ff-4da0-819d-a591ed9f7df1":{"name":"Text","tags":[],"enabled":true,"resource_id":"911dd098-d8ff-4da0-819d-a591ed9f7df1","parent":"cd7b8ae0-12eb-4cb4-a39e-b990c1165910","children":[],"position":[0,0,0],"rotation":[0,0,0],"scale":[1,1,1],"components":{"element":{"enabled":true,"type":"text","anchor":[0,0,1,1],"pivot":[0.5,0.5],"text":"Text","key":null,"fontAsset":95367565,"fontSize":32,"minFontSize":8,"maxFontSize":32,"autoFitWidth":true,"autoFitHeight":true,"maxLines":null,"lineHeight":32,"wrapLines":true,"spacing":1,"color":[0,0,0],"opacity":1,"textureAsset":null,"spriteAsset":null,"spriteFrame":0,"pixelsPerUnit":null,"width":32,"height":32,"margin":[0,0,0,0],"alignment":[0.5,0.5],"outlineColor":[0,0,0,1],"outlineThickness":0,"shadowColor":[0,0,0,1],"shadowOffset":[0,0],"rect":[0,0,1,1],"materialAsset":null,"autoWidth":false,"autoHeight":false,"fitMode":"stretch","useInput":false,"batchGroupId":null,"mask":false,"layers":[4],"enableMarkup":false}}}},"checkpoint_id":"8dc01d09-cd82-4348-8a76-3865c8200d64","id":1472826}